"","Protein","Sequence","uniparc","symbol","gene","feature","biotype","hgvsp","protein_pos","seq_length","Old_aa","New_aa","Old_codon","New_codon","ensp","used_ref","variant_id","seq_matrix","variantSeq_matrix","Proband","Sibling"
"1","O00154","MKLLARALRLCEFGRQASSRRLVAGQGCVGPRRGCCAPVQVVGPRADLPPCGACITGRIMRPDDANVAGNVHGGTILKMIEEAGAIISTRHCNSQNGERCVAALARVERTDFLSPMCIGEVAHVSAEITYTSKHSVEVQVNVMSENILTGAKKLTNKATLWYVPLSLKNVDKVLEVPPVVYSRQEQEEEGRKRYEAQKLERMETKWRNGDIVQPVLNPEPNTVSYSQSSLIHLVGPSDCTLHGFVHGGVTMKLMDEVAGIVAARHCKTNIVTASVDAINFHDKIRKGCVITISGRMTFTSNKSMEIEVLVDADPVVDSSQKRYRAASAFFTYVSLSQEGRSLPVPQLVPETEDEKKRFEEGKGRYLQMKAKRQGHAEPQP","UPI000002A4B1","ACOT7","ENSG00000097021","ENST00000608083","protein_coding","ENSP00000476610.1:p.Gln337Lys",337,"338","Q","K","Cag","Aag","ENSP00000476610","G",36411,"MKLLARALRLCEFGRQASSRRLVAGQGCVGPRRGCCAPVQVVGPRADLPPCGACITGRIMRPDDANVAGNVHGGTILKMIEEAGAIISTRHCNSQNGERCVAALARVERTDFLSPMCIGEVAHVSAEITYTSKHSVEVQVNVMSENILTGAKKLTNKATLWYVPLSLKNVDKVLEVPPVVYSRQEQEEEGRKRYEAQKLERMETKWRNGDIVQPVLNPEPNTVSYSQSSLIHLVGPSDCTLHGFVHGGVTMKLMDEVAGIVAARHCKTNIVTASVDAINFHDKIRKGCVITISGRMTFTSNKSMEIEVLVDADPVVDSSQKRYRAASAFFTYVSLSQEGRSLPVPQLVPETEDEKKRFEEGKGRYLQMKAKRQGHAEPQP","MKLLARALRLCEFGRQASSRRLVAGQGCVGPRRGCCAPVQVVGPRADLPPCGACITGRIMRPDDANVAGNVHGGTILKMIEEAGAIISTRHCNSQNGERCVAALARVERTDFLSPMCIGEVAHVSAEITYTSKHSVEVQVNVMSENILTGAKKLTNKATLWYVPLSLKNVDKVLEVPPVVYSRQEQEEEGRKRYEAQKLERMETKWRNGDIVQPVLNPEPNTVSYSQSSLIHLVGPSDCTLHGFVHGGVTMKLMDEVAGIVAARHCKTNIVTASVDAINFHDKIRKGCVITISGRMTFTSNKSMEIEVLVDADPVVDSSQKRYRAASAFFTYVSLSKEGRSLPVPQLVPETEDEKKRFEEGKGRYLQMKAKRQGHAEPQP",1,0
"2","O00154","MKLLARALRLCEFGRQASSRRLVAGQGCVGPRRGCCAPVQVVGPRADLPPCGACITGRIMRPDDANVAGNVHGGTILKMIEEAGAIISTRHCNSQNGERCVAALARVERTDFLSPMCIGEVAHVSAEITYTSKHSVEVQVNVMSENILTGAKKLTNKATLWYVPLSLKNVDKVLEVPPVVYSRQEQEEEGRKRYEAQKLERMETKWRNGDIVQPVLNPEPNTVSYSQSSLIHLVGPSDCTLHGFVHGGVTMKLMDEVAGIVAARHCKTNIVTASVDAINFHDKIRKGCVITISGRMTFTSNKSMEIEVLVDADPVVDSSQKRYRAASAFFTYVSLSQEGRSLPVPQLVPETEDEKKRFEEGKGRYLQMKAKRQGHAEPQP","UPI000002A4B1","ACOT7","ENSG00000097021","ENST00000608083","protein_coding","ENSP00000476610.1:p.Ala334Val",334,"338","A","V","gCg","gTg","ENSP00000476610","G",36413,"MKLLARALRLCEFGRQASSRRLVAGQGCVGPRRGCCAPVQVVGPRADLPPCGACITGRIMRPDDANVAGNVHGGTILKMIEEAGAIISTRHCNSQNGERCVAALARVERTDFLSPMCIGEVAHVSAEITYTSKHSVEVQVNVMSENILTGAKKLTNKATLWYVPLSLKNVDKVLEVPPVVYSRQEQEEEGRKRYEAQKLERMETKWRNGDIVQPVLNPEPNTVSYSQSSLIHLVGPSDCTLHGFVHGGVTMKLMDEVAGIVAARHCKTNIVTASVDAINFHDKIRKGCVITISGRMTFTSNKSMEIEVLVDADPVVDSSQKRYRAASAFFTYVSLSQEGRSLPVPQLVPETEDEKKRFEEGKGRYLQMKAKRQGHAEPQP","MKLLARALRLCEFGRQASSRRLVAGQGCVGPRRGCCAPVQVVGPRADLPPCGACITGRIMRPDDANVAGNVHGGTILKMIEEAGAIISTRHCNSQNGERCVAALARVERTDFLSPMCIGEVAHVSAEITYTSKHSVEVQVNVMSENILTGAKKLTNKATLWYVPLSLKNVDKVLEVPPVVYSRQEQEEEGRKRYEAQKLERMETKWRNGDIVQPVLNPEPNTVSYSQSSLIHLVGPSDCTLHGFVHGGVTMKLMDEVAGIVAARHCKTNIVTASVDAINFHDKIRKGCVITISGRMTFTSNKSMEIEVLVDADPVVDSSQKRYRAASAFFTYVVLSQEGRSLPVPQLVPETEDEKKRFEEGKGRYLQMKAKRQGHAEPQP",2,0
"3","O00154","MKLLARALRLCEFGRQASSRRLVAGQGCVGPRRGCCAPVQVVGPRADLPPCGACITGRIMRPDDANVAGNVHGGTILKMIEEAGAIISTRHCNSQNGERCVAALARVERTDFLSPMCIGEVAHVSAEITYTSKHSVEVQVNVMSENILTGAKKLTNKATLWYVPLSLKNVDKVLEVPPVVYSRQEQEEEGRKRYEAQKLERMETKWRNGDIVQPVLNPEPNTVSYSQSSLIHLVGPSDCTLHGFVHGGVTMKLMDEVAGIVAARHCKTNIVTASVDAINFHDKIRKGCVITISGRMTFTSNKSMEIEVLVDADPVVDSSQKRYRAASAFFTYVSLSQEGRSLPVPQLVPETEDEKKRFEEGKGRYLQMKAKRQGHAEPQP","UPI000002A4B1","ACOT7","ENSG00000097021","ENST00000608083","protein_coding","ENSP00000476610.1:p.Gln331Arg",331,"338","Q","R","cAg","cGg","ENSP00000476610","T",36415,"MKLLARALRLCEFGRQASSRRLVAGQGCVGPRRGCCAPVQVVGPRADLPPCGACITGRIMRPDDANVAGNVHGGTILKMIEEAGAIISTRHCNSQNGERCVAALARVERTDFLSPMCIGEVAHVSAEITYTSKHSVEVQVNVMSENILTGAKKLTNKATLWYVPLSLKNVDKVLEVPPVVYSRQEQEEEGRKRYEAQKLERMETKWRNGDIVQPVLNPEPNTVSYSQSSLIHLVGPSDCTLHGFVHGGVTMKLMDEVAGIVAARHCKTNIVTASVDAINFHDKIRKGCVITISGRMTFTSNKSMEIEVLVDADPVVDSSQKRYRAASAFFTYVSLSQEGRSLPVPQLVPETEDEKKRFEEGKGRYLQMKAKRQGHAEPQP","MKLLARALRLCEFGRQASSRRLVAGQGCVGPRRGCCAPVQVVGPRADLPPCGACITGRIMRPDDANVAGNVHGGTILKMIEEAGAIISTRHCNSQNGERCVAALARVERTDFLSPMCIGEVAHVSAEITYTSKHSVEVQVNVMSENILTGAKKLTNKATLWYVPLSLKNVDKVLEVPPVVYSRQEQEEEGRKRYEAQKLERMETKWRNGDIVQPVLNPEPNTVSYSQSSLIHLVGPSDCTLHGFVHGGVTMKLMDEVAGIVAARHCKTNIVTASVDAINFHDKIRKGCVITISGRMTFTSNKSMEIEVLVDADPVVDSSQKRYRAASAFFRYVSLSQEGRSLPVPQLVPETEDEKKRFEEGKGRYLQMKAKRQGHAEPQP",2,0
"4","O00154","MKLLARALRLCEFGRQASSRRLVAGQGCVGPRRGCCAPVQVVGPRADLPPCGACITGRIMRPDDANVAGNVHGGTILKMIEEAGAIISTRHCNSQNGERCVAALARVERTDFLSPMCIGEVAHVSAEITYTSKHSVEVQVNVMSENILTGAKKLTNKATLWYVPLSLKNVDKVLEVPPVVYSRQEQEEEGRKRYEAQKLERMETKWRNGDIVQPVLNPEPNTVSYSQSSLIHLVGPSDCTLHGFVHGGVTMKLMDEVAGIVAARHCKTNIVTASVDAINFHDKIRKGCVITISGRMTFTSNKSMEIEVLVDADPVVDSSQKRYRAASAFFTYVSLSQEGRSLPVPQLVPETEDEKKRFEEGKGRYLQMKAKRQGHAEPQP","UPI000002A4B1","ACOT7","ENSG00000097021","ENST00000608083","protein_coding","ENSP00000476610.1:p.Arg282Gln",282,"338","R","Q","cGg","cAg","ENSP00000476610","C",36446,"MKLLARALRLCEFGRQASSRRLVAGQGCVGPRRGCCAPVQVVGPRADLPPCGACITGRIMRPDDANVAGNVHGGTILKMIEEAGAIISTRHCNSQNGERCVAALARVERTDFLSPMCIGEVAHVSAEITYTSKHSVEVQVNVMSENILTGAKKLTNKATLWYVPLSLKNVDKVLEVPPVVYSRQEQEEEGRKRYEAQKLERMETKWRNGDIVQPVLNPEPNTVSYSQSSLIHLVGPSDCTLHGFVHGGVTMKLMDEVAGIVAARHCKTNIVTASVDAINFHDKIRKGCVITISGRMTFTSNKSMEIEVLVDADPVVDSSQKRYRAASAFFTYVSLSQEGRSLPVPQLVPETEDEKKRFEEGKGRYLQMKAKRQGHAEPQP","MKLLARALRLCEFGRQASSRRLVAGQGCVGPRRGCCAPVQVVGPRADLPPCGACITGRIMRPDDANVAGNVHGGTILKMIEEAGAIISTRHCNSQNGERCVAALARVERTDFLSPMCIGEVAHVSAEITYTSKHSVEVQVNVMSENILTGAKKLTNKATLWYVPLSLKNVDKVLEVPPVVYSRQEQEEEGRKRYEAQKLERMETKWRNGDIVQPVLNPEPNTVSYSQSSLIHLVGPSDCTLHGFVHGGVTMKLMDEVAGIVAARHCKTNIVTASVDAINFHQKIRKGCVITISGRMTFTSNKSMEIEVLVDADPVVDSSQKRYRAASAFFTYVSLSQEGRSLPVPQLVPETEDEKKRFEEGKGRYLQMKAKRQGHAEPQP",1,1
"5","O00154","MKLLARALRLCEFGRQASSRRLVAGQGCVGPRRGCCAPVQVVGPRADLPPCGACITGRIMRPDDANVAGNVHGGTILKMIEEAGAIISTRHCNSQNGERCVAALARVERTDFLSPMCIGEVAHVSAEITYTSKHSVEVQVNVMSENILTGAKKLTNKATLWYVPLSLKNVDKVLEVPPVVYSRQEQEEEGRKRYEAQKLERMETKWRNGDIVQPVLNPEPNTVSYSQSSLIHLVGPSDCTLHGFVHGGVTMKLMDEVAGIVAARHCKTNIVTASVDAINFHDKIRKGCVITISGRMTFTSNKSMEIEVLVDADPVVDSSQKRYRAASAFFTYVSLSQEGRSLPVPQLVPETEDEKKRFEEGKGRYLQMKAKRQGHAEPQP","UPI000002A4B1","ACOT7","ENSG00000097021","ENST00000608083","protein_coding","ENSP00000476610.1:p.Ser276Cys",276,"338","S","C","Agc","Tgc","ENSP00000476610","T",36448,"MKLLARALRLCEFGRQASSRRLVAGQGCVGPRRGCCAPVQVVGPRADLPPCGACITGRIMRPDDANVAGNVHGGTILKMIEEAGAIISTRHCNSQNGERCVAALARVERTDFLSPMCIGEVAHVSAEITYTSKHSVEVQVNVMSENILTGAKKLTNKATLWYVPLSLKNVDKVLEVPPVVYSRQEQEEEGRKRYEAQKLERMETKWRNGDIVQPVLNPEPNTVSYSQSSLIHLVGPSDCTLHGFVHGGVTMKLMDEVAGIVAARHCKTNIVTASVDAINFHDKIRKGCVITISGRMTFTSNKSMEIEVLVDADPVVDSSQKRYRAASAFFTYVSLSQEGRSLPVPQLVPETEDEKKRFEEGKGRYLQMKAKRQGHAEPQP","MKLLARALRLCEFGRQASSRRLVAGQGCVGPRRGCCAPVQVVGPRADLPPCGACITGRIMRPDDANVAGNVHGGTILKMIEEAGAIISTRHCNSQNGERCVAALARVERTDFLSPMCIGEVAHVSAEITYTSKHSVEVQVNVMSENILTGAKKLTNKATLWYVPLSLKNVDKVLEVPPVVYSRQEQEEEGRKRYEAQKLERMETKWRNGDIVQPVLNPEPNTVSYSQSSLIHLVGPSDCTLHGFVHGGVTMKLMDEVAGIVAARHCKTNIVTASVCAINFHDKIRKGCVITISGRMTFTSNKSMEIEVLVDADPVVDSSQKRYRAASAFFTYVSLSQEGRSLPVPQLVPETEDEKKRFEEGKGRYLQMKAKRQGHAEPQP",1,0
"6","O00154","MKLLARALRLCEFGRQASSRRLVAGQGCVGPRRGCCAPVQVVGPRADLPPCGACITGRIMRPDDANVAGNVHGGTILKMIEEAGAIISTRHCNSQNGERCVAALARVERTDFLSPMCIGEVAHVSAEITYTSKHSVEVQVNVMSENILTGAKKLTNKATLWYVPLSLKNVDKVLEVPPVVYSRQEQEEEGRKRYEAQKLERMETKWRNGDIVQPVLNPEPNTVSYSQSSLIHLVGPSDCTLHGFVHGGVTMKLMDEVAGIVAARHCKTNIVTASVDAINFHDKIRKGCVITISGRMTFTSNKSMEIEVLVDADPVVDSSQKRYRAASAFFTYVSLSQEGRSLPVPQLVPETEDEKKRFEEGKGRYLQMKAKRQGHAEPQP","UPI000002A4B1","ACOT7","ENSG00000097021","ENST00000608083","protein_coding","ENSP00000476610.1:p.Asn259Ser",259,"338","N","S","aAt","aGt","ENSP00000476610","T",36453,"MKLLARALRLCEFGRQASSRRLVAGQGCVGPRRGCCAPVQVVGPRADLPPCGACITGRIMRPDDANVAGNVHGGTILKMIEEAGAIISTRHCNSQNGERCVAALARVERTDFLSPMCIGEVAHVSAEITYTSKHSVEVQVNVMSENILTGAKKLTNKATLWYVPLSLKNVDKVLEVPPVVYSRQEQEEEGRKRYEAQKLERMETKWRNGDIVQPVLNPEPNTVSYSQSSLIHLVGPSDCTLHGFVHGGVTMKLMDEVAGIVAARHCKTNIVTASVDAINFHDKIRKGCVITISGRMTFTSNKSMEIEVLVDADPVVDSSQKRYRAASAFFTYVSLSQEGRSLPVPQLVPETEDEKKRFEEGKGRYLQMKAKRQGHAEPQP","MKLLARALRLCEFGRQASSRRLVAGQGCVGPRRGCCAPVQVVGPRADLPPCGACITGRIMRPDDANVAGNVHGGTILKMIEEAGAIISTRHCNSQNGERCVAALARVERTDFLSPMCIGEVAHVSAEITYTSKHSVEVQVNVMSENILTGAKKLTNKATLWYVPLSLKNVDKVLEVPPVVYSRQEQEEEGRKRYEAQKLERMETKWRNGDIVQPVLNPEPNTVSYSQSSLIHLVGPSDCTLHGFVHGGVTMKLMDEVASIVAARHCKTNIVTASVDAINFHDKIRKGCVITISGRMTFTSNKSMEIEVLVDADPVVDSSQKRYRAASAFFTYVSLSQEGRSLPVPQLVPETEDEKKRFEEGKGRYLQMKAKRQGHAEPQP",2,0
"7","O00154","MKLLARALRLCEFGRQASSRRLVAGQGCVGPRRGCCAPVQVVGPRADLPPCGACITGRIMRPDDANVAGNVHGGTILKMIEEAGAIISTRHCNSQNGERCVAALARVERTDFLSPMCIGEVAHVSAEITYTSKHSVEVQVNVMSENILTGAKKLTNKATLWYVPLSLKNVDKVLEVPPVVYSRQEQEEEGRKRYEAQKLERMETKWRNGDIVQPVLNPEPNTVSYSQSSLIHLVGPSDCTLHGFVHGGVTMKLMDEVAGIVAARHCKTNIVTASVDAINFHDKIRKGCVITISGRMTFTSNKSMEIEVLVDADPVVDSSQKRYRAASAFFTYVSLSQEGRSLPVPQLVPETEDEKKRFEEGKGRYLQMKAKRQGHAEPQP","UPI000002A4B1","ACOT7","ENSG00000097021","ENST00000608083","protein_coding","ENSP00000476610.1:p.Arg253His",253,"338","R","H","cGc","cAc","ENSP00000476610","C",36455,"MKLLARALRLCEFGRQASSRRLVAGQGCVGPRRGCCAPVQVVGPRADLPPCGACITGRIMRPDDANVAGNVHGGTILKMIEEAGAIISTRHCNSQNGERCVAALARVERTDFLSPMCIGEVAHVSAEITYTSKHSVEVQVNVMSENILTGAKKLTNKATLWYVPLSLKNVDKVLEVPPVVYSRQEQEEEGRKRYEAQKLERMETKWRNGDIVQPVLNPEPNTVSYSQSSLIHLVGPSDCTLHGFVHGGVTMKLMDEVAGIVAARHCKTNIVTASVDAINFHDKIRKGCVITISGRMTFTSNKSMEIEVLVDADPVVDSSQKRYRAASAFFTYVSLSQEGRSLPVPQLVPETEDEKKRFEEGKGRYLQMKAKRQGHAEPQP","MKLLARALRLCEFGRQASSRRLVAGQGCVGPRRGCCAPVQVVGPRADLPPCGACITGRIMRPDDANVAGNVHGGTILKMIEEAGAIISTRHCNSQNGERCVAALARVERTDFLSPMCIGEVAHVSAEITYTSKHSVEVQVNVMSENILTGAKKLTNKATLWYVPLSLKNVDKVLEVPPVVYSRQEQEEEGRKRYEAQKLERMETKWRNGDIVQPVLNPEPNTVSYSQSSLIHLVGPSDCTLHGFVHGGVTMKHMDEVAGIVAARHCKTNIVTASVDAINFHDKIRKGCVITISGRMTFTSNKSMEIEVLVDADPVVDSSQKRYRAASAFFTYVSLSQEGRSLPVPQLVPETEDEKKRFEEGKGRYLQMKAKRQGHAEPQP",1,0
"8","O00154","MKLLARALRLCEFGRQASSRRLVAGQGCVGPRRGCCAPVQVVGPRADLPPCGACITGRIMRPDDANVAGNVHGGTILKMIEEAGAIISTRHCNSQNGERCVAALARVERTDFLSPMCIGEVAHVSAEITYTSKHSVEVQVNVMSENILTGAKKLTNKATLWYVPLSLKNVDKVLEVPPVVYSRQEQEEEGRKRYEAQKLERMETKWRNGDIVQPVLNPEPNTVSYSQSSLIHLVGPSDCTLHGFVHGGVTMKLMDEVAGIVAARHCKTNIVTASVDAINFHDKIRKGCVITISGRMTFTSNKSMEIEVLVDADPVVDSSQKRYRAASAFFTYVSLSQEGRSLPVPQLVPETEDEKKRFEEGKGRYLQMKAKRQGHAEPQP","UPI000002A4B1","ACOT7","ENSG00000097021","ENST00000608083","protein_coding","ENSP00000476610.1:p.Ser251Leu",251,"338","S","L","tCg","tTg","ENSP00000476610","G",36457,"MKLLARALRLCEFGRQASSRRLVAGQGCVGPRRGCCAPVQVVGPRADLPPCGACITGRIMRPDDANVAGNVHGGTILKMIEEAGAIISTRHCNSQNGERCVAALARVERTDFLSPMCIGEVAHVSAEITYTSKHSVEVQVNVMSENILTGAKKLTNKATLWYVPLSLKNVDKVLEVPPVVYSRQEQEEEGRKRYEAQKLERMETKWRNGDIVQPVLNPEPNTVSYSQSSLIHLVGPSDCTLHGFVHGGVTMKLMDEVAGIVAARHCKTNIVTASVDAINFHDKIRKGCVITISGRMTFTSNKSMEIEVLVDADPVVDSSQKRYRAASAFFTYVSLSQEGRSLPVPQLVPETEDEKKRFEEGKGRYLQMKAKRQGHAEPQP","MKLLARALRLCEFGRQASSRRLVAGQGCVGPRRGCCAPVQVVGPRADLPPCGACITGRIMRPDDANVAGNVHGGTILKMIEEAGAIISTRHCNSQNGERCVAALARVERTDFLSPMCIGEVAHVSAEITYTSKHSVEVQVNVMSENILTGAKKLTNKATLWYVPLSLKNVDKVLEVPPVVYSRQEQEEEGRKRYEAQKLERMETKWRNGDIVQPVLNPEPNTVSYSQSSLIHLVGPSDCTLHGFVHGGVTLKLMDEVAGIVAARHCKTNIVTASVDAINFHDKIRKGCVITISGRMTFTSNKSMEIEVLVDADPVVDSSQKRYRAASAFFTYVSLSQEGRSLPVPQLVPETEDEKKRFEEGKGRYLQMKAKRQGHAEPQP",2,0
"9","O00154","MKLLARALRLCEFGRQASSRRLVAGQGCVGPRRGCCAPVQVVGPRADLPPCGACITGRIMRPDDANVAGNVHGGTILKMIEEAGAIISTRHCNSQNGERCVAALARVERTDFLSPMCIGEVAHVSAEITYTSKHSVEVQVNVMSENILTGAKKLTNKATLWYVPLSLKNVDKVLEVPPVVYSRQEQEEEGRKRYEAQKLERMETKWRNGDIVQPVLNPEPNTVSYSQSSLIHLVGPSDCTLHGFVHGGVTMKLMDEVAGIVAARHCKTNIVTASVDAINFHDKIRKGCVITISGRMTFTSNKSMEIEVLVDADPVVDSSQKRYRAASAFFTYVSLSQEGRSLPVPQLVPETEDEKKRFEEGKGRYLQMKAKRQGHAEPQP","UPI000002A4B1","ACOT7","ENSG00000097021","ENST00000608083","protein_coding","ENSP00000476610.1:p.Gly217Arg",217,"338","G","R","Ggg","Agg","ENSP00000476610","C",36498,"MKLLARALRLCEFGRQASSRRLVAGQGCVGPRRGCCAPVQVVGPRADLPPCGACITGRIMRPDDANVAGNVHGGTILKMIEEAGAIISTRHCNSQNGERCVAALARVERTDFLSPMCIGEVAHVSAEITYTSKHSVEVQVNVMSENILTGAKKLTNKATLWYVPLSLKNVDKVLEVPPVVYSRQEQEEEGRKRYEAQKLERMETKWRNGDIVQPVLNPEPNTVSYSQSSLIHLVGPSDCTLHGFVHGGVTMKLMDEVAGIVAARHCKTNIVTASVDAINFHDKIRKGCVITISGRMTFTSNKSMEIEVLVDADPVVDSSQKRYRAASAFFTYVSLSQEGRSLPVPQLVPETEDEKKRFEEGKGRYLQMKAKRQGHAEPQP","MKLLARALRLCEFGRQASSRRLVAGQGCVGPRRGCCAPVQVVGPRADLPPCGACITGRIMRPDDANVAGNVHGGTILKMIEEAGAIISTRHCNSQNGERCVAALARVERTDFLSPMCIGEVAHVSAEITYTSKHSVEVQVNVMSENILTGAKKLTNKATLWYVPLSLKNVDKVLEVPPVVYSRQEQEEEGRKRYEAQKLERMETKWRNGDIVQPVLRPEPNTVSYSQSSLIHLVGPSDCTLHGFVHGGVTMKLMDEVAGIVAARHCKTNIVTASVDAINFHDKIRKGCVITISGRMTFTSNKSMEIEVLVDADPVVDSSQKRYRAASAFFTYVSLSQEGRSLPVPQLVPETEDEKKRFEEGKGRYLQMKAKRQGHAEPQP",1,0
"10","O00154","MKLLARALRLCEFGRQASSRRLVAGQGCVGPRRGCCAPVQVVGPRADLPPCGACITGRIMRPDDANVAGNVHGGTILKMIEEAGAIISTRHCNSQNGERCVAALARVERTDFLSPMCIGEVAHVSAEITYTSKHSVEVQVNVMSENILTGAKKLTNKATLWYVPLSLKNVDKVLEVPPVVYSRQEQEEEGRKRYEAQKLERMETKWRNGDIVQPVLNPEPNTVSYSQSSLIHLVGPSDCTLHGFVHGGVTMKLMDEVAGIVAARHCKTNIVTASVDAINFHDKIRKGCVITISGRMTFTSNKSMEIEVLVDADPVVDSSQKRYRAASAFFTYVSLSQEGRSLPVPQLVPETEDEKKRFEEGKGRYLQMKAKRQGHAEPQP","UPI000002A4B1","ACOT7","ENSG00000097021","ENST00000608083","protein_coding","ENSP00000476610.1:p.Gly205Arg",205,"338","G","R","Gga","Aga","ENSP00000476610","C",36610,"MKLLARALRLCEFGRQASSRRLVAGQGCVGPRRGCCAPVQVVGPRADLPPCGACITGRIMRPDDANVAGNVHGGTILKMIEEAGAIISTRHCNSQNGERCVAALARVERTDFLSPMCIGEVAHVSAEITYTSKHSVEVQVNVMSENILTGAKKLTNKATLWYVPLSLKNVDKVLEVPPVVYSRQEQEEEGRKRYEAQKLERMETKWRNGDIVQPVLNPEPNTVSYSQSSLIHLVGPSDCTLHGFVHGGVTMKLMDEVAGIVAARHCKTNIVTASVDAINFHDKIRKGCVITISGRMTFTSNKSMEIEVLVDADPVVDSSQKRYRAASAFFTYVSLSQEGRSLPVPQLVPETEDEKKRFEEGKGRYLQMKAKRQGHAEPQP","MKLLARALRLCEFGRQASSRRLVAGQGCVGPRRGCCAPVQVVGPRADLPPCGACITGRIMRPDDANVAGNVHGGTILKMIEEAGAIISTRHCNSQNGERCVAALARVERTDFLSPMCIGEVAHVSAEITYTSKHSVEVQVNVMSENILTGAKKLTNKATLWYVPLSLKNVDKVLEVPPVVYSRQEQEEEGRKRYEAQKLERMETRWRNGDIVQPVLNPEPNTVSYSQSSLIHLVGPSDCTLHGFVHGGVTMKLMDEVAGIVAARHCKTNIVTASVDAINFHDKIRKGCVITISGRMTFTSNKSMEIEVLVDADPVVDSSQKRYRAASAFFTYVSLSQEGRSLPVPQLVPETEDEKKRFEEGKGRYLQMKAKRQGHAEPQP",1,0
"11","O00154","MKLLARALRLCEFGRQASSRRLVAGQGCVGPRRGCCAPVQVVGPRADLPPCGACITGRIMRPDDANVAGNVHGGTILKMIEEAGAIISTRHCNSQNGERCVAALARVERTDFLSPMCIGEVAHVSAEITYTSKHSVEVQVNVMSENILTGAKKLTNKATLWYVPLSLKNVDKVLEVPPVVYSRQEQEEEGRKRYEAQKLERMETKWRNGDIVQPVLNPEPNTVSYSQSSLIHLVGPSDCTLHGFVHGGVTMKLMDEVAGIVAARHCKTNIVTASVDAINFHDKIRKGCVITISGRMTFTSNKSMEIEVLVDADPVVDSSQKRYRAASAFFTYVSLSQEGRSLPVPQLVPETEDEKKRFEEGKGRYLQMKAKRQGHAEPQP","UPI000002A4B1","ACOT7","ENSG00000097021","ENST00000608083","protein_coding","ENSP00000476610.1:p.Pro172Leu",172,"338","P","L","cCa","cTa","ENSP00000476610","G",36627,"MKLLARALRLCEFGRQASSRRLVAGQGCVGPRRGCCAPVQVVGPRADLPPCGACITGRIMRPDDANVAGNVHGGTILKMIEEAGAIISTRHCNSQNGERCVAALARVERTDFLSPMCIGEVAHVSAEITYTSKHSVEVQVNVMSENILTGAKKLTNKATLWYVPLSLKNVDKVLEVPPVVYSRQEQEEEGRKRYEAQKLERMETKWRNGDIVQPVLNPEPNTVSYSQSSLIHLVGPSDCTLHGFVHGGVTMKLMDEVAGIVAARHCKTNIVTASVDAINFHDKIRKGCVITISGRMTFTSNKSMEIEVLVDADPVVDSSQKRYRAASAFFTYVSLSQEGRSLPVPQLVPETEDEKKRFEEGKGRYLQMKAKRQGHAEPQP","MKLLARALRLCEFGRQASSRRLVAGQGCVGPRRGCCAPVQVVGPRADLPPCGACITGRIMRPDDANVAGNVHGGTILKMIEEAGAIISTRHCNSQNGERCVAALARVERTDFLSPMCIGEVAHVSAEITYTSKHSVEVQVNVMSENILTGAKKLTNKATLWYVPLSLKNVDLVLEVPPVVYSRQEQEEEGRKRYEAQKLERMETKWRNGDIVQPVLNPEPNTVSYSQSSLIHLVGPSDCTLHGFVHGGVTMKLMDEVAGIVAARHCKTNIVTASVDAINFHDKIRKGCVITISGRMTFTSNKSMEIEVLVDADPVVDSSQKRYRAASAFFTYVSLSQEGRSLPVPQLVPETEDEKKRFEEGKGRYLQMKAKRQGHAEPQP",1,0
"12","O00154","MKLLARALRLCEFGRQASSRRLVAGQGCVGPRRGCCAPVQVVGPRADLPPCGACITGRIMRPDDANVAGNVHGGTILKMIEEAGAIISTRHCNSQNGERCVAALARVERTDFLSPMCIGEVAHVSAEITYTSKHSVEVQVNVMSENILTGAKKLTNKATLWYVPLSLKNVDKVLEVPPVVYSRQEQEEEGRKRYEAQKLERMETKWRNGDIVQPVLNPEPNTVSYSQSSLIHLVGPSDCTLHGFVHGGVTMKLMDEVAGIVAARHCKTNIVTASVDAINFHDKIRKGCVITISGRMTFTSNKSMEIEVLVDADPVVDSSQKRYRAASAFFTYVSLSQEGRSLPVPQLVPETEDEKKRFEEGKGRYLQMKAKRQGHAEPQP","UPI000002A4B1","ACOT7","ENSG00000097021","ENST00000608083","protein_coding","ENSP00000476610.1:p.Gly167Glu",167,"338","G","E","gGg","gAg","ENSP00000476610","C",36629,"MKLLARALRLCEFGRQASSRRLVAGQGCVGPRRGCCAPVQVVGPRADLPPCGACITGRIMRPDDANVAGNVHGGTILKMIEEAGAIISTRHCNSQNGERCVAALARVERTDFLSPMCIGEVAHVSAEITYTSKHSVEVQVNVMSENILTGAKKLTNKATLWYVPLSLKNVDKVLEVPPVVYSRQEQEEEGRKRYEAQKLERMETKWRNGDIVQPVLNPEPNTVSYSQSSLIHLVGPSDCTLHGFVHGGVTMKLMDEVAGIVAARHCKTNIVTASVDAINFHDKIRKGCVITISGRMTFTSNKSMEIEVLVDADPVVDSSQKRYRAASAFFTYVSLSQEGRSLPVPQLVPETEDEKKRFEEGKGRYLQMKAKRQGHAEPQP","MKLLARALRLCEFGRQASSRRLVAGQGCVGPRRGCCAPVQVVGPRADLPPCGACITGRIMRPDDANVAGNVHGGTILKMIEEAGAIISTRHCNSQNGERCVAALARVERTDFLSPMCIGEVAHVSAEITYTSKHSVEVQVNVMSENILTGAKKLTNKATLWYVPLSEKNVDKVLEVPPVVYSRQEQEEEGRKRYEAQKLERMETKWRNGDIVQPVLNPEPNTVSYSQSSLIHLVGPSDCTLHGFVHGGVTMKLMDEVAGIVAARHCKTNIVTASVDAINFHDKIRKGCVITISGRMTFTSNKSMEIEVLVDADPVVDSSQKRYRAASAFFTYVSLSQEGRSLPVPQLVPETEDEKKRFEEGKGRYLQMKAKRQGHAEPQP",1,0
"13","O00154","MKLLARALRLCEFGRQASSRRLVAGQGCVGPRRGCCAPVQVVGPRADLPPCGACITGRIMRPDDANVAGNVHGGTILKMIEEAGAIISTRHCNSQNGERCVAALARVERTDFLSPMCIGEVAHVSAEITYTSKHSVEVQVNVMSENILTGAKKLTNKATLWYVPLSLKNVDKVLEVPPVVYSRQEQEEEGRKRYEAQKLERMETKWRNGDIVQPVLNPEPNTVSYSQSSLIHLVGPSDCTLHGFVHGGVTMKLMDEVAGIVAARHCKTNIVTASVDAINFHDKIRKGCVITISGRMTFTSNKSMEIEVLVDADPVVDSSQKRYRAASAFFTYVSLSQEGRSLPVPQLVPETEDEKKRFEEGKGRYLQMKAKRQGHAEPQP","UPI000002A4B1","ACOT7","ENSG00000097021","ENST00000608083","protein_coding","ENSP00000476610.1:p.Tyr152Ter",152,"338","Y","*","taT","taG","ENSP00000476610","A",36630,"MKLLARALRLCEFGRQASSRRLVAGQGCVGPRRGCCAPVQVVGPRADLPPCGACITGRIMRPDDANVAGNVHGGTILKMIEEAGAIISTRHCNSQNGERCVAALARVERTDFLSPMCIGEVAHVSAEITYTSKHSVEVQVNVMSENILTGAKKLTNKATLWYVPLSLKNVDKVLEVPPVVYSRQEQEEEGRKRYEAQKLERMETKWRNGDIVQPVLNPEPNTVSYSQSSLIHLVGPSDCTLHGFVHGGVTMKLMDEVAGIVAARHCKTNIVTASVDAINFHDKIRKGCVITISGRMTFTSNKSMEIEVLVDADPVVDSSQKRYRAASAFFTYVSLSQEGRSLPVPQLVPETEDEKKRFEEGKGRYLQMKAKRQGHAEPQP","MKLLARALRLCEFGRQASSRRLVAGQGCVGPRRGCCAPVQVVGPRADLPPCGACITGRIMRPDDANVAGNVHGGTILKMIEEAGAIISTRHCNSQNGERCVAALARVERTDFLSPMCIGEVAHVSAEITYTSKHSVEVQVNVMSENILTGA*KLTNKATLWYVPLSLKNVDKVLEVPPVVYSRQEQEEEGRKRYEAQKLERMETKWRNGDIVQPVLNPEPNTVSYSQSSLIHLVGPSDCTLHGFVHGGVTMKLMDEVAGIVAARHCKTNIVTASVDAINFHDKIRKGCVITISGRMTFTSNKSMEIEVLVDADPVVDSSQKRYRAASAFFTYVSLSQEGRSLPVPQLVPETEDEKKRFEEGKGRYLQMKAKRQGHAEPQP",10,3
"14","O00154","MKLLARALRLCEFGRQASSRRLVAGQGCVGPRRGCCAPVQVVGPRADLPPCGACITGRIMRPDDANVAGNVHGGTILKMIEEAGAIISTRHCNSQNGERCVAALARVERTDFLSPMCIGEVAHVSAEITYTSKHSVEVQVNVMSENILTGAKKLTNKATLWYVPLSLKNVDKVLEVPPVVYSRQEQEEEGRKRYEAQKLERMETKWRNGDIVQPVLNPEPNTVSYSQSSLIHLVGPSDCTLHGFVHGGVTMKLMDEVAGIVAARHCKTNIVTASVDAINFHDKIRKGCVITISGRMTFTSNKSMEIEVLVDADPVVDSSQKRYRAASAFFTYVSLSQEGRSLPVPQLVPETEDEKKRFEEGKGRYLQMKAKRQGHAEPQP","UPI000002A4B1","ACOT7","ENSG00000097021","ENST00000608083","protein_coding","ENSP00000476610.1:p.Arg149Gln",149,"338","R","Q","cGg","cAg","ENSP00000476610","C",36633,"MKLLARALRLCEFGRQASSRRLVAGQGCVGPRRGCCAPVQVVGPRADLPPCGACITGRIMRPDDANVAGNVHGGTILKMIEEAGAIISTRHCNSQNGERCVAALARVERTDFLSPMCIGEVAHVSAEITYTSKHSVEVQVNVMSENILTGAKKLTNKATLWYVPLSLKNVDKVLEVPPVVYSRQEQEEEGRKRYEAQKLERMETKWRNGDIVQPVLNPEPNTVSYSQSSLIHLVGPSDCTLHGFVHGGVTMKLMDEVAGIVAARHCKTNIVTASVDAINFHDKIRKGCVITISGRMTFTSNKSMEIEVLVDADPVVDSSQKRYRAASAFFTYVSLSQEGRSLPVPQLVPETEDEKKRFEEGKGRYLQMKAKRQGHAEPQP","MKLLARALRLCEFGRQASSRRLVAGQGCVGPRRGCCAPVQVVGPRADLPPCGACITGRIMRPDDANVAGNVHGGTILKMIEEAGAIISTRHCNSQNGERCVAALARVERTDFLSPMCIGEVAHVSAEITYTSKHSVEVQVNVMSENILQGAKKLTNKATLWYVPLSLKNVDKVLEVPPVVYSRQEQEEEGRKRYEAQKLERMETKWRNGDIVQPVLNPEPNTVSYSQSSLIHLVGPSDCTLHGFVHGGVTMKLMDEVAGIVAARHCKTNIVTASVDAINFHDKIRKGCVITISGRMTFTSNKSMEIEVLVDADPVVDSSQKRYRAASAFFTYVSLSQEGRSLPVPQLVPETEDEKKRFEEGKGRYLQMKAKRQGHAEPQP",0,1
"15","O00154","MKLLARALRLCEFGRQASSRRLVAGQGCVGPRRGCCAPVQVVGPRADLPPCGACITGRIMRPDDANVAGNVHGGTILKMIEEAGAIISTRHCNSQNGERCVAALARVERTDFLSPMCIGEVAHVSAEITYTSKHSVEVQVNVMSENILTGAKKLTNKATLWYVPLSLKNVDKVLEVPPVVYSRQEQEEEGRKRYEAQKLERMETKWRNGDIVQPVLNPEPNTVSYSQSSLIHLVGPSDCTLHGFVHGGVTMKLMDEVAGIVAARHCKTNIVTASVDAINFHDKIRKGCVITISGRMTFTSNKSMEIEVLVDADPVVDSSQKRYRAASAFFTYVSLSQEGRSLPVPQLVPETEDEKKRFEEGKGRYLQMKAKRQGHAEPQP","UPI000002A4B1","ACOT7","ENSG00000097021","ENST00000608083","protein_coding","ENSP00000476610.1:p.Glu146Asp",146,"338","E","D","gaG","gaC","ENSP00000476610","C",36634,"MKLLARALRLCEFGRQASSRRLVAGQGCVGPRRGCCAPVQVVGPRADLPPCGACITGRIMRPDDANVAGNVHGGTILKMIEEAGAIISTRHCNSQNGERCVAALARVERTDFLSPMCIGEVAHVSAEITYTSKHSVEVQVNVMSENILTGAKKLTNKATLWYVPLSLKNVDKVLEVPPVVYSRQEQEEEGRKRYEAQKLERMETKWRNGDIVQPVLNPEPNTVSYSQSSLIHLVGPSDCTLHGFVHGGVTMKLMDEVAGIVAARHCKTNIVTASVDAINFHDKIRKGCVITISGRMTFTSNKSMEIEVLVDADPVVDSSQKRYRAASAFFTYVSLSQEGRSLPVPQLVPETEDEKKRFEEGKGRYLQMKAKRQGHAEPQP","MKLLARALRLCEFGRQASSRRLVAGQGCVGPRRGCCAPVQVVGPRADLPPCGACITGRIMRPDDANVAGNVHGGTILKMIEEAGAIISTRHCNSQNGERCVAALARVERTDFLSPMCIGEVAHVSAEITYTSKHSVEVQVNVMSEDILTGAKKLTNKATLWYVPLSLKNVDKVLEVPPVVYSRQEQEEEGRKRYEAQKLERMETKWRNGDIVQPVLNPEPNTVSYSQSSLIHLVGPSDCTLHGFVHGGVTMKLMDEVAGIVAARHCKTNIVTASVDAINFHDKIRKGCVITISGRMTFTSNKSMEIEVLVDADPVVDSSQKRYRAASAFFTYVSLSQEGRSLPVPQLVPETEDEKKRFEEGKGRYLQMKAKRQGHAEPQP",2,0
"16","O00154","MKLLARALRLCEFGRQASSRRLVAGQGCVGPRRGCCAPVQVVGPRADLPPCGACITGRIMRPDDANVAGNVHGGTILKMIEEAGAIISTRHCNSQNGERCVAALARVERTDFLSPMCIGEVAHVSAEITYTSKHSVEVQVNVMSENILTGAKKLTNKATLWYVPLSLKNVDKVLEVPPVVYSRQEQEEEGRKRYEAQKLERMETKWRNGDIVQPVLNPEPNTVSYSQSSLIHLVGPSDCTLHGFVHGGVTMKLMDEVAGIVAARHCKTNIVTASVDAINFHDKIRKGCVITISGRMTFTSNKSMEIEVLVDADPVVDSSQKRYRAASAFFTYVSLSQEGRSLPVPQLVPETEDEKKRFEEGKGRYLQMKAKRQGHAEPQP","UPI000002A4B1","ACOT7","ENSG00000097021","ENST00000608083","protein_coding","ENSP00000476610.1:p.Glu143Asp",143,"338","E","D","gaG","gaT","ENSP00000476610","C",36635,"MKLLARALRLCEFGRQASSRRLVAGQGCVGPRRGCCAPVQVVGPRADLPPCGACITGRIMRPDDANVAGNVHGGTILKMIEEAGAIISTRHCNSQNGERCVAALARVERTDFLSPMCIGEVAHVSAEITYTSKHSVEVQVNVMSENILTGAKKLTNKATLWYVPLSLKNVDKVLEVPPVVYSRQEQEEEGRKRYEAQKLERMETKWRNGDIVQPVLNPEPNTVSYSQSSLIHLVGPSDCTLHGFVHGGVTMKLMDEVAGIVAARHCKTNIVTASVDAINFHDKIRKGCVITISGRMTFTSNKSMEIEVLVDADPVVDSSQKRYRAASAFFTYVSLSQEGRSLPVPQLVPETEDEKKRFEEGKGRYLQMKAKRQGHAEPQP","MKLLARALRLCEFGRQASSRRLVAGQGCVGPRRGCCAPVQVVGPRADLPPCGACITGRIMRPDDANVAGNVHGGTILKMIEEAGAIISTRHCNSQNGERCVAALARVERTDFLSPMCIGEVAHVSAEITYTSKHSVEVQVNVDSENILTGAKKLTNKATLWYVPLSLKNVDKVLEVPPVVYSRQEQEEEGRKRYEAQKLERMETKWRNGDIVQPVLNPEPNTVSYSQSSLIHLVGPSDCTLHGFVHGGVTMKLMDEVAGIVAARHCKTNIVTASVDAINFHDKIRKGCVITISGRMTFTSNKSMEIEVLVDADPVVDSSQKRYRAASAFFTYVSLSQEGRSLPVPQLVPETEDEKKRFEEGKGRYLQMKAKRQGHAEPQP",1,0
"17","O00154","MKLLARALRLCEFGRQASSRRLVAGQGCVGPRRGCCAPVQVVGPRADLPPCGACITGRIMRPDDANVAGNVHGGTILKMIEEAGAIISTRHCNSQNGERCVAALARVERTDFLSPMCIGEVAHVSAEITYTSKHSVEVQVNVMSENILTGAKKLTNKATLWYVPLSLKNVDKVLEVPPVVYSRQEQEEEGRKRYEAQKLERMETKWRNGDIVQPVLNPEPNTVSYSQSSLIHLVGPSDCTLHGFVHGGVTMKLMDEVAGIVAARHCKTNIVTASVDAINFHDKIRKGCVITISGRMTFTSNKSMEIEVLVDADPVVDSSQKRYRAASAFFTYVSLSQEGRSLPVPQLVPETEDEKKRFEEGKGRYLQMKAKRQGHAEPQP","UPI000002A4B1","ACOT7","ENSG00000097021","ENST00000608083","protein_coding","ENSP00000476610.1:p.Arg141Gly",141,"338","R","G","Cgg","Ggg","ENSP00000476610","G",36636,"MKLLARALRLCEFGRQASSRRLVAGQGCVGPRRGCCAPVQVVGPRADLPPCGACITGRIMRPDDANVAGNVHGGTILKMIEEAGAIISTRHCNSQNGERCVAALARVERTDFLSPMCIGEVAHVSAEITYTSKHSVEVQVNVMSENILTGAKKLTNKATLWYVPLSLKNVDKVLEVPPVVYSRQEQEEEGRKRYEAQKLERMETKWRNGDIVQPVLNPEPNTVSYSQSSLIHLVGPSDCTLHGFVHGGVTMKLMDEVAGIVAARHCKTNIVTASVDAINFHDKIRKGCVITISGRMTFTSNKSMEIEVLVDADPVVDSSQKRYRAASAFFTYVSLSQEGRSLPVPQLVPETEDEKKRFEEGKGRYLQMKAKRQGHAEPQP","MKLLARALRLCEFGRQASSRRLVAGQGCVGPRRGCCAPVQVVGPRADLPPCGACITGRIMRPDDANVAGNVHGGTILKMIEEAGAIISTRHCNSQNGERCVAALARVERTDFLSPMCIGEVAHVSAEITYTSKHSVEVQVGVMSENILTGAKKLTNKATLWYVPLSLKNVDKVLEVPPVVYSRQEQEEEGRKRYEAQKLERMETKWRNGDIVQPVLNPEPNTVSYSQSSLIHLVGPSDCTLHGFVHGGVTMKLMDEVAGIVAARHCKTNIVTASVDAINFHDKIRKGCVITISGRMTFTSNKSMEIEVLVDADPVVDSSQKRYRAASAFFTYVSLSQEGRSLPVPQLVPETEDEKKRFEEGKGRYLQMKAKRQGHAEPQP",1,0
"18","O00154","MKLLARALRLCEFGRQASSRRLVAGQGCVGPRRGCCAPVQVVGPRADLPPCGACITGRIMRPDDANVAGNVHGGTILKMIEEAGAIISTRHCNSQNGERCVAALARVERTDFLSPMCIGEVAHVSAEITYTSKHSVEVQVNVMSENILTGAKKLTNKATLWYVPLSLKNVDKVLEVPPVVYSRQEQEEEGRKRYEAQKLERMETKWRNGDIVQPVLNPEPNTVSYSQSSLIHLVGPSDCTLHGFVHGGVTMKLMDEVAGIVAARHCKTNIVTASVDAINFHDKIRKGCVITISGRMTFTSNKSMEIEVLVDADPVVDSSQKRYRAASAFFTYVSLSQEGRSLPVPQLVPETEDEKKRFEEGKGRYLQMKAKRQGHAEPQP","UPI000002A4B1","ACOT7","ENSG00000097021","ENST00000608083","protein_coding","ENSP00000476610.1:p.Ser124Leu",124,"338","S","L","tCg","tTg","ENSP00000476610","G",36652,"MKLLARALRLCEFGRQASSRRLVAGQGCVGPRRGCCAPVQVVGPRADLPPCGACITGRIMRPDDANVAGNVHGGTILKMIEEAGAIISTRHCNSQNGERCVAALARVERTDFLSPMCIGEVAHVSAEITYTSKHSVEVQVNVMSENILTGAKKLTNKATLWYVPLSLKNVDKVLEVPPVVYSRQEQEEEGRKRYEAQKLERMETKWRNGDIVQPVLNPEPNTVSYSQSSLIHLVGPSDCTLHGFVHGGVTMKLMDEVAGIVAARHCKTNIVTASVDAINFHDKIRKGCVITISGRMTFTSNKSMEIEVLVDADPVVDSSQKRYRAASAFFTYVSLSQEGRSLPVPQLVPETEDEKKRFEEGKGRYLQMKAKRQGHAEPQP","MKLLARALRLCEFGRQASSRRLVAGQGCVGPRRGCCAPVQVVGPRADLPPCGACITGRIMRPDDANVAGNVHGGTILKMIEEAGAIISTRHCNSQNGERCVAALARVERTDFLSPMCIGEVAHLSAEITYTSKHSVEVQVNVMSENILTGAKKLTNKATLWYVPLSLKNVDKVLEVPPVVYSRQEQEEEGRKRYEAQKLERMETKWRNGDIVQPVLNPEPNTVSYSQSSLIHLVGPSDCTLHGFVHGGVTMKLMDEVAGIVAARHCKTNIVTASVDAINFHDKIRKGCVITISGRMTFTSNKSMEIEVLVDADPVVDSSQKRYRAASAFFTYVSLSQEGRSLPVPQLVPETEDEKKRFEEGKGRYLQMKAKRQGHAEPQP",0,1
"19","O00154","MKLLARALRLCEFGRQASSRRLVAGQGCVGPRRGCCAPVQVVGPRADLPPCGACITGRIMRPDDANVAGNVHGGTILKMIEEAGAIISTRHCNSQNGERCVAALARVERTDFLSPMCIGEVAHVSAEITYTSKHSVEVQVNVMSENILTGAKKLTNKATLWYVPLSLKNVDKVLEVPPVVYSRQEQEEEGRKRYEAQKLERMETKWRNGDIVQPVLNPEPNTVSYSQSSLIHLVGPSDCTLHGFVHGGVTMKLMDEVAGIVAARHCKTNIVTASVDAINFHDKIRKGCVITISGRMTFTSNKSMEIEVLVDADPVVDSSQKRYRAASAFFTYVSLSQEGRSLPVPQLVPETEDEKKRFEEGKGRYLQMKAKRQGHAEPQP","UPI000002A4B1","ACOT7","ENSG00000097021","ENST00000608083","protein_coding","ENSP00000476610.1:p.Met101Val",101,"338","M","V","Atg","Gtg","ENSP00000476610","T",36670,"MKLLARALRLCEFGRQASSRRLVAGQGCVGPRRGCCAPVQVVGPRADLPPCGACITGRIMRPDDANVAGNVHGGTILKMIEEAGAIISTRHCNSQNGERCVAALARVERTDFLSPMCIGEVAHVSAEITYTSKHSVEVQVNVMSENILTGAKKLTNKATLWYVPLSLKNVDKVLEVPPVVYSRQEQEEEGRKRYEAQKLERMETKWRNGDIVQPVLNPEPNTVSYSQSSLIHLVGPSDCTLHGFVHGGVTMKLMDEVAGIVAARHCKTNIVTASVDAINFHDKIRKGCVITISGRMTFTSNKSMEIEVLVDADPVVDSSQKRYRAASAFFTYVSLSQEGRSLPVPQLVPETEDEKKRFEEGKGRYLQMKAKRQGHAEPQP","MKLLARALRLCEFGRQASSRRLVAGQGCVGPRRGCCAPVQVVGPRADLPPCGACITGRIMRPDDANVAGNVHGGTILKMIEEAGAIISTRHCNSQNGERCVAALARVERTDFLSPMCIGEVAHVSAEITYTSKHSVEVQVNVMSENILTGAKKLTNKATLWYVPLSLKNVDKVLEVPPVVYSRQEQEEEGRKRYEAQKLERMETKWRNGDIVQPVLNPEPNTVSYSQSSLIHLVGPSDCTLHGFVHGGVTMKLMDEVAGIVAARHCKTNIVTASVDAINFHDKIRKGCVITISGRMTFTSNKSMEIEVLVDADPVVDSSQKRYRAASAFFTYVSLSQEGRSLPVPQLVPETEDEKKRFEEGKGRYLQMKAKRQGHAEPQP",1,0
"20","O00154","MKLLARALRLCEFGRQASSRRLVAGQGCVGPRRGCCAPVQVVGPRADLPPCGACITGRIMRPDDANVAGNVHGGTILKMIEEAGAIISTRHCNSQNGERCVAALARVERTDFLSPMCIGEVAHVSAEITYTSKHSVEVQVNVMSENILTGAKKLTNKATLWYVPLSLKNVDKVLEVPPVVYSRQEQEEEGRKRYEAQKLERMETKWRNGDIVQPVLNPEPNTVSYSQSSLIHLVGPSDCTLHGFVHGGVTMKLMDEVAGIVAARHCKTNIVTASVDAINFHDKIRKGCVITISGRMTFTSNKSMEIEVLVDADPVVDSSQKRYRAASAFFTYVSLSQEGRSLPVPQLVPETEDEKKRFEEGKGRYLQMKAKRQGHAEPQP","UPI000002A4B1","ACOT7","ENSG00000097021","ENST00000608083","protein_coding","ENSP00000476610.1:p.Gly77Arg",77,"338","G","R","Ggt","Cgt","ENSP00000476610","C",36675,"MKLLARALRLCEFGRQASSRRLVAGQGCVGPRRGCCAPVQVVGPRADLPPCGACITGRIMRPDDANVAGNVHGGTILKMIEEAGAIISTRHCNSQNGERCVAALARVERTDFLSPMCIGEVAHVSAEITYTSKHSVEVQVNVMSENILTGAKKLTNKATLWYVPLSLKNVDKVLEVPPVVYSRQEQEEEGRKRYEAQKLERMETKWRNGDIVQPVLNPEPNTVSYSQSSLIHLVGPSDCTLHGFVHGGVTMKLMDEVAGIVAARHCKTNIVTASVDAINFHDKIRKGCVITISGRMTFTSNKSMEIEVLVDADPVVDSSQKRYRAASAFFTYVSLSQEGRSLPVPQLVPETEDEKKRFEEGKGRYLQMKAKRQGHAEPQP","MKLLARALRLCEFGRQASSRRLVAGQGCVGPRRGCCAPVQVVGPRADLPPCGACITGRIMRPDDANVAGNVHGGTIRKMIEEAGAIISTRHCNSQNGERCVAALARVERTDFLSPMCIGEVAHVSAEITYTSKHSVEVQVNVMSENILTGAKKLTNKATLWYVPLSLKNVDKVLEVPPVVYSRQEQEEEGRKRYEAQKLERMETKWRNGDIVQPVLNPEPNTVSYSQSSLIHLVGPSDCTLHGFVHGGVTMKLMDEVAGIVAARHCKTNIVTASVDAINFHDKIRKGCVITISGRMTFTSNKSMEIEVLVDADPVVDSSQKRYRAASAFFTYVSLSQEGRSLPVPQLVPETEDEKKRFEEGKGRYLQMKAKRQGHAEPQP",0,1
"21","O00154","MKLLARALRLCEFGRQASSRRLVAGQGCVGPRRGCCAPVQVVGPRADLPPCGACITGRIMRPDDANVAGNVHGGTILKMIEEAGAIISTRHCNSQNGERCVAALARVERTDFLSPMCIGEVAHVSAEITYTSKHSVEVQVNVMSENILTGAKKLTNKATLWYVPLSLKNVDKVLEVPPVVYSRQEQEEEGRKRYEAQKLERMETKWRNGDIVQPVLNPEPNTVSYSQSSLIHLVGPSDCTLHGFVHGGVTMKLMDEVAGIVAARHCKTNIVTASVDAINFHDKIRKGCVITISGRMTFTSNKSMEIEVLVDADPVVDSSQKRYRAASAFFTYVSLSQEGRSLPVPQLVPETEDEKKRFEEGKGRYLQMKAKRQGHAEPQP","UPI000002A4B1","ACOT7","ENSG00000097021","ENST00000608083","protein_coding","ENSP00000476610.1:p.Arg67Cys",67,"338","R","C","Cgc","Tgc","ENSP00000476610","G",36678,"MKLLARALRLCEFGRQASSRRLVAGQGCVGPRRGCCAPVQVVGPRADLPPCGACITGRIMRPDDANVAGNVHGGTILKMIEEAGAIISTRHCNSQNGERCVAALARVERTDFLSPMCIGEVAHVSAEITYTSKHSVEVQVNVMSENILTGAKKLTNKATLWYVPLSLKNVDKVLEVPPVVYSRQEQEEEGRKRYEAQKLERMETKWRNGDIVQPVLNPEPNTVSYSQSSLIHLVGPSDCTLHGFVHGGVTMKLMDEVAGIVAARHCKTNIVTASVDAINFHDKIRKGCVITISGRMTFTSNKSMEIEVLVDADPVVDSSQKRYRAASAFFTYVSLSQEGRSLPVPQLVPETEDEKKRFEEGKGRYLQMKAKRQGHAEPQP","MKLLARALRLCEFGRQASSRRLVAGQGCVGPRRGCCAPVQVVGPRADLPPCGACITGRIMRPDDANCAGNVHGGTILKMIEEAGAIISTRHCNSQNGERCVAALARVERTDFLSPMCIGEVAHVSAEITYTSKHSVEVQVNVMSENILTGAKKLTNKATLWYVPLSLKNVDKVLEVPPVVYSRQEQEEEGRKRYEAQKLERMETKWRNGDIVQPVLNPEPNTVSYSQSSLIHLVGPSDCTLHGFVHGGVTMKLMDEVAGIVAARHCKTNIVTASVDAINFHDKIRKGCVITISGRMTFTSNKSMEIEVLVDADPVVDSSQKRYRAASAFFTYVSLSQEGRSLPVPQLVPETEDEKKRFEEGKGRYLQMKAKRQGHAEPQP",0,2
"22","O00154","MKLLARALRLCEFGRQASSRRLVAGQGCVGPRRGCCAPVQVVGPRADLPPCGACITGRIMRPDDANVAGNVHGGTILKMIEEAGAIISTRHCNSQNGERCVAALARVERTDFLSPMCIGEVAHVSAEITYTSKHSVEVQVNVMSENILTGAKKLTNKATLWYVPLSLKNVDKVLEVPPVVYSRQEQEEEGRKRYEAQKLERMETKWRNGDIVQPVLNPEPNTVSYSQSSLIHLVGPSDCTLHGFVHGGVTMKLMDEVAGIVAARHCKTNIVTASVDAINFHDKIRKGCVITISGRMTFTSNKSMEIEVLVDADPVVDSSQKRYRAASAFFTYVSLSQEGRSLPVPQLVPETEDEKKRFEEGKGRYLQMKAKRQGHAEPQP","UPI000002A4B1","ACOT7","ENSG00000097021","ENST00000608083","protein_coding","ENSP00000476610.1:p.Val65Leu",65,"338","V","L","Gtc","Ctc","ENSP00000476610","C",36680,"MKLLARALRLCEFGRQASSRRLVAGQGCVGPRRGCCAPVQVVGPRADLPPCGACITGRIMRPDDANVAGNVHGGTILKMIEEAGAIISTRHCNSQNGERCVAALARVERTDFLSPMCIGEVAHVSAEITYTSKHSVEVQVNVMSENILTGAKKLTNKATLWYVPLSLKNVDKVLEVPPVVYSRQEQEEEGRKRYEAQKLERMETKWRNGDIVQPVLNPEPNTVSYSQSSLIHLVGPSDCTLHGFVHGGVTMKLMDEVAGIVAARHCKTNIVTASVDAINFHDKIRKGCVITISGRMTFTSNKSMEIEVLVDADPVVDSSQKRYRAASAFFTYVSLSQEGRSLPVPQLVPETEDEKKRFEEGKGRYLQMKAKRQGHAEPQP","MKLLARALRLCEFGRQASSRRLVAGQGCVGPRRGCCAPVQVVGPRADLPPCGACITGRIMRPDDLNVAGNVHGGTILKMIEEAGAIISTRHCNSQNGERCVAALARVERTDFLSPMCIGEVAHVSAEITYTSKHSVEVQVNVMSENILTGAKKLTNKATLWYVPLSLKNVDKVLEVPPVVYSRQEQEEEGRKRYEAQKLERMETKWRNGDIVQPVLNPEPNTVSYSQSSLIHLVGPSDCTLHGFVHGGVTMKLMDEVAGIVAARHCKTNIVTASVDAINFHDKIRKGCVITISGRMTFTSNKSMEIEVLVDADPVVDSSQKRYRAASAFFTYVSLSQEGRSLPVPQLVPETEDEKKRFEEGKGRYLQMKAKRQGHAEPQP",1,0
"23","O00154","MKLLARALRLCEFGRQASSRRLVAGQGCVGPRRGCCAPVQVVGPRADLPPCGACITGRIMRPDDANVAGNVHGGTILKMIEEAGAIISTRHCNSQNGERCVAALARVERTDFLSPMCIGEVAHVSAEITYTSKHSVEVQVNVMSENILTGAKKLTNKATLWYVPLSLKNVDKVLEVPPVVYSRQEQEEEGRKRYEAQKLERMETKWRNGDIVQPVLNPEPNTVSYSQSSLIHLVGPSDCTLHGFVHGGVTMKLMDEVAGIVAARHCKTNIVTASVDAINFHDKIRKGCVITISGRMTFTSNKSMEIEVLVDADPVVDSSQKRYRAASAFFTYVSLSQEGRSLPVPQLVPETEDEKKRFEEGKGRYLQMKAKRQGHAEPQP","UPI000002A4B1","ACOT7","ENSG00000097021","ENST00000608083","protein_coding","ENSP00000476610.1:p.Arg48Gln",48,"338","R","Q","cGg","cAg","ENSP00000476610","C",36694,"MKLLARALRLCEFGRQASSRRLVAGQGCVGPRRGCCAPVQVVGPRADLPPCGACITGRIMRPDDANVAGNVHGGTILKMIEEAGAIISTRHCNSQNGERCVAALARVERTDFLSPMCIGEVAHVSAEITYTSKHSVEVQVNVMSENILTGAKKLTNKATLWYVPLSLKNVDKVLEVPPVVYSRQEQEEEGRKRYEAQKLERMETKWRNGDIVQPVLNPEPNTVSYSQSSLIHLVGPSDCTLHGFVHGGVTMKLMDEVAGIVAARHCKTNIVTASVDAINFHDKIRKGCVITISGRMTFTSNKSMEIEVLVDADPVVDSSQKRYRAASAFFTYVSLSQEGRSLPVPQLVPETEDEKKRFEEGKGRYLQMKAKRQGHAEPQP","MKLLARALRLCEFGRQASSRRLVAGQGCVGPRRGCCAPVQVVGPRADQPPCGACITGRIMRPDDANVAGNVHGGTILKMIEEAGAIISTRHCNSQNGERCVAALARVERTDFLSPMCIGEVAHVSAEITYTSKHSVEVQVNVMSENILTGAKKLTNKATLWYVPLSLKNVDKVLEVPPVVYSRQEQEEEGRKRYEAQKLERMETKWRNGDIVQPVLNPEPNTVSYSQSSLIHLVGPSDCTLHGFVHGGVTMKLMDEVAGIVAARHCKTNIVTASVDAINFHDKIRKGCVITISGRMTFTSNKSMEIEVLVDADPVVDSSQKRYRAASAFFTYVSLSQEGRSLPVPQLVPETEDEKKRFEEGKGRYLQMKAKRQGHAEPQP",0,1
"24","O00154","MKLLARALRLCEFGRQASSRRLVAGQGCVGPRRGCCAPVQVVGPRADLPPCGACITGRIMRPDDANVAGNVHGGTILKMIEEAGAIISTRHCNSQNGERCVAALARVERTDFLSPMCIGEVAHVSAEITYTSKHSVEVQVNVMSENILTGAKKLTNKATLWYVPLSLKNVDKVLEVPPVVYSRQEQEEEGRKRYEAQKLERMETKWRNGDIVQPVLNPEPNTVSYSQSSLIHLVGPSDCTLHGFVHGGVTMKLMDEVAGIVAARHCKTNIVTASVDAINFHDKIRKGCVITISGRMTFTSNKSMEIEVLVDADPVVDSSQKRYRAASAFFTYVSLSQEGRSLPVPQLVPETEDEKKRFEEGKGRYLQMKAKRQGHAEPQP","UPI000002A4B1","ACOT7","ENSG00000097021","ENST00000608083","protein_coding","ENSP00000476610.1:p.Ala43Thr",43,"338","A","T","Gcc","Acc","ENSP00000476610","C",36695,"MKLLARALRLCEFGRQASSRRLVAGQGCVGPRRGCCAPVQVVGPRADLPPCGACITGRIMRPDDANVAGNVHGGTILKMIEEAGAIISTRHCNSQNGERCVAALARVERTDFLSPMCIGEVAHVSAEITYTSKHSVEVQVNVMSENILTGAKKLTNKATLWYVPLSLKNVDKVLEVPPVVYSRQEQEEEGRKRYEAQKLERMETKWRNGDIVQPVLNPEPNTVSYSQSSLIHLVGPSDCTLHGFVHGGVTMKLMDEVAGIVAARHCKTNIVTASVDAINFHDKIRKGCVITISGRMTFTSNKSMEIEVLVDADPVVDSSQKRYRAASAFFTYVSLSQEGRSLPVPQLVPETEDEKKRFEEGKGRYLQMKAKRQGHAEPQP","MKLLARALRLCEFGRQASSRRLVAGQGCVGPRRGCCAPVQVVTPRADLPPCGACITGRIMRPDDANVAGNVHGGTILKMIEEAGAIISTRHCNSQNGERCVAALARVERTDFLSPMCIGEVAHVSAEITYTSKHSVEVQVNVMSENILTGAKKLTNKATLWYVPLSLKNVDKVLEVPPVVYSRQEQEEEGRKRYEAQKLERMETKWRNGDIVQPVLNPEPNTVSYSQSSLIHLVGPSDCTLHGFVHGGVTMKLMDEVAGIVAARHCKTNIVTASVDAINFHDKIRKGCVITISGRMTFTSNKSMEIEVLVDADPVVDSSQKRYRAASAFFTYVSLSQEGRSLPVPQLVPETEDEKKRFEEGKGRYLQMKAKRQGHAEPQP",1,0
"25","O00154","MKLLARALRLCEFGRQASSRRLVAGQGCVGPRRGCCAPVQVVGPRADLPPCGACITGRIMRPDDANVAGNVHGGTILKMIEEAGAIISTRHCNSQNGERCVAALARVERTDFLSPMCIGEVAHVSAEITYTSKHSVEVQVNVMSENILTGAKKLTNKATLWYVPLSLKNVDKVLEVPPVVYSRQEQEEEGRKRYEAQKLERMETKWRNGDIVQPVLNPEPNTVSYSQSSLIHLVGPSDCTLHGFVHGGVTMKLMDEVAGIVAARHCKTNIVTASVDAINFHDKIRKGCVITISGRMTFTSNKSMEIEVLVDADPVVDSSQKRYRAASAFFTYVSLSQEGRSLPVPQLVPETEDEKKRFEEGKGRYLQMKAKRQGHAEPQP","UPI000002A4B1","ACOT7","ENSG00000097021","ENST00000608083","protein_coding","ENSP00000476610.1:p.Ala41Thr",41,"338","A","T","Gca","Aca","ENSP00000476610","C",36697,"MKLLARALRLCEFGRQASSRRLVAGQGCVGPRRGCCAPVQVVGPRADLPPCGACITGRIMRPDDANVAGNVHGGTILKMIEEAGAIISTRHCNSQNGERCVAALARVERTDFLSPMCIGEVAHVSAEITYTSKHSVEVQVNVMSENILTGAKKLTNKATLWYVPLSLKNVDKVLEVPPVVYSRQEQEEEGRKRYEAQKLERMETKWRNGDIVQPVLNPEPNTVSYSQSSLIHLVGPSDCTLHGFVHGGVTMKLMDEVAGIVAARHCKTNIVTASVDAINFHDKIRKGCVITISGRMTFTSNKSMEIEVLVDADPVVDSSQKRYRAASAFFTYVSLSQEGRSLPVPQLVPETEDEKKRFEEGKGRYLQMKAKRQGHAEPQP","MKLLARALRLCEFGRQASSRRLVAGQGCVGPRRGCCAPVQTVGPRADLPPCGACITGRIMRPDDANVAGNVHGGTILKMIEEAGAIISTRHCNSQNGERCVAALARVERTDFLSPMCIGEVAHVSAEITYTSKHSVEVQVNVMSENILTGAKKLTNKATLWYVPLSLKNVDKVLEVPPVVYSRQEQEEEGRKRYEAQKLERMETKWRNGDIVQPVLNPEPNTVSYSQSSLIHLVGPSDCTLHGFVHGGVTMKLMDEVAGIVAARHCKTNIVTASVDAINFHDKIRKGCVITISGRMTFTSNKSMEIEVLVDADPVVDSSQKRYRAASAFFTYVSLSQEGRSLPVPQLVPETEDEKKRFEEGKGRYLQMKAKRQGHAEPQP",1,0
"26","O00154","MKLLARALRLCEFGRQASSRRLVAGQGCVGPRRGCCAPVQVVGPRADLPPCGACITGRIMRPDDANVAGNVHGGTILKMIEEAGAIISTRHCNSQNGERCVAALARVERTDFLSPMCIGEVAHVSAEITYTSKHSVEVQVNVMSENILTGAKKLTNKATLWYVPLSLKNVDKVLEVPPVVYSRQEQEEEGRKRYEAQKLERMETKWRNGDIVQPVLNPEPNTVSYSQSSLIHLVGPSDCTLHGFVHGGVTMKLMDEVAGIVAARHCKTNIVTASVDAINFHDKIRKGCVITISGRMTFTSNKSMEIEVLVDADPVVDSSQKRYRAASAFFTYVSLSQEGRSLPVPQLVPETEDEKKRFEEGKGRYLQMKAKRQGHAEPQP","UPI000002A4B1","ACOT7","ENSG00000097021","ENST00000608083","protein_coding","ENSP00000476610.1:p.Gly31Arg",31,"338","G","R","Ggg","Agg","ENSP00000476610","C",36698,"MKLLARALRLCEFGRQASSRRLVAGQGCVGPRRGCCAPVQVVGPRADLPPCGACITGRIMRPDDANVAGNVHGGTILKMIEEAGAIISTRHCNSQNGERCVAALARVERTDFLSPMCIGEVAHVSAEITYTSKHSVEVQVNVMSENILTGAKKLTNKATLWYVPLSLKNVDKVLEVPPVVYSRQEQEEEGRKRYEAQKLERMETKWRNGDIVQPVLNPEPNTVSYSQSSLIHLVGPSDCTLHGFVHGGVTMKLMDEVAGIVAARHCKTNIVTASVDAINFHDKIRKGCVITISGRMTFTSNKSMEIEVLVDADPVVDSSQKRYRAASAFFTYVSLSQEGRSLPVPQLVPETEDEKKRFEEGKGRYLQMKAKRQGHAEPQP","MKLLARALRLCEFGRQASSRRLVAGQGCVGRRRGCCAPVQVVGPRADLPPCGACITGRIMRPDDANVAGNVHGGTILKMIEEAGAIISTRHCNSQNGERCVAALARVERTDFLSPMCIGEVAHVSAEITYTSKHSVEVQVNVMSENILTGAKKLTNKATLWYVPLSLKNVDKVLEVPPVVYSRQEQEEEGRKRYEAQKLERMETKWRNGDIVQPVLNPEPNTVSYSQSSLIHLVGPSDCTLHGFVHGGVTMKLMDEVAGIVAARHCKTNIVTASVDAINFHDKIRKGCVITISGRMTFTSNKSMEIEVLVDADPVVDSSQKRYRAASAFFTYVSLSQEGRSLPVPQLVPETEDEKKRFEEGKGRYLQMKAKRQGHAEPQP",1,0
"27","O00154","MKLLARALRLCEFGRQASSRRLVAGQGCVGPRRGCCAPVQVVGPRADLPPCGACITGRIMRPDDANVAGNVHGGTILKMIEEAGAIISTRHCNSQNGERCVAALARVERTDFLSPMCIGEVAHVSAEITYTSKHSVEVQVNVMSENILTGAKKLTNKATLWYVPLSLKNVDKVLEVPPVVYSRQEQEEEGRKRYEAQKLERMETKWRNGDIVQPVLNPEPNTVSYSQSSLIHLVGPSDCTLHGFVHGGVTMKLMDEVAGIVAARHCKTNIVTASVDAINFHDKIRKGCVITISGRMTFTSNKSMEIEVLVDADPVVDSSQKRYRAASAFFTYVSLSQEGRSLPVPQLVPETEDEKKRFEEGKGRYLQMKAKRQGHAEPQP","UPI000002A4B1","ACOT7","ENSG00000097021","ENST00000608083","protein_coding","ENSP00000476610.1:p.Asn28Ser",28,"338","N","S","aAt","aGt","ENSP00000476610","T",36699,"MKLLARALRLCEFGRQASSRRLVAGQGCVGPRRGCCAPVQVVGPRADLPPCGACITGRIMRPDDANVAGNVHGGTILKMIEEAGAIISTRHCNSQNGERCVAALARVERTDFLSPMCIGEVAHVSAEITYTSKHSVEVQVNVMSENILTGAKKLTNKATLWYVPLSLKNVDKVLEVPPVVYSRQEQEEEGRKRYEAQKLERMETKWRNGDIVQPVLNPEPNTVSYSQSSLIHLVGPSDCTLHGFVHGGVTMKLMDEVAGIVAARHCKTNIVTASVDAINFHDKIRKGCVITISGRMTFTSNKSMEIEVLVDADPVVDSSQKRYRAASAFFTYVSLSQEGRSLPVPQLVPETEDEKKRFEEGKGRYLQMKAKRQGHAEPQP","MKLLARALRLCEFGRQASSRRLVAGQGSVGPRRGCCAPVQVVGPRADLPPCGACITGRIMRPDDANVAGNVHGGTILKMIEEAGAIISTRHCNSQNGERCVAALARVERTDFLSPMCIGEVAHVSAEITYTSKHSVEVQVNVMSENILTGAKKLTNKATLWYVPLSLKNVDKVLEVPPVVYSRQEQEEEGRKRYEAQKLERMETKWRNGDIVQPVLNPEPNTVSYSQSSLIHLVGPSDCTLHGFVHGGVTMKLMDEVAGIVAARHCKTNIVTASVDAINFHDKIRKGCVITISGRMTFTSNKSMEIEVLVDADPVVDSSQKRYRAASAFFTYVSLSQEGRSLPVPQLVPETEDEKKRFEEGKGRYLQMKAKRQGHAEPQP",1,1
"28","O00154","MKLLARALRLCEFGRQASSRRLVAGQGCVGPRRGCCAPVQVVGPRADLPPCGACITGRIMRPDDANVAGNVHGGTILKMIEEAGAIISTRHCNSQNGERCVAALARVERTDFLSPMCIGEVAHVSAEITYTSKHSVEVQVNVMSENILTGAKKLTNKATLWYVPLSLKNVDKVLEVPPVVYSRQEQEEEGRKRYEAQKLERMETKWRNGDIVQPVLNPEPNTVSYSQSSLIHLVGPSDCTLHGFVHGGVTMKLMDEVAGIVAARHCKTNIVTASVDAINFHDKIRKGCVITISGRMTFTSNKSMEIEVLVDADPVVDSSQKRYRAASAFFTYVSLSQEGRSLPVPQLVPETEDEKKRFEEGKGRYLQMKAKRQGHAEPQP","UPI000002A4B1","ACOT7","ENSG00000097021","ENST00000608083","protein_coding","ENSP00000476610.1:p.Val25Met",25,"338","V","M","Gtg","Atg","ENSP00000476610","C",36701,"MKLLARALRLCEFGRQASSRRLVAGQGCVGPRRGCCAPVQVVGPRADLPPCGACITGRIMRPDDANVAGNVHGGTILKMIEEAGAIISTRHCNSQNGERCVAALARVERTDFLSPMCIGEVAHVSAEITYTSKHSVEVQVNVMSENILTGAKKLTNKATLWYVPLSLKNVDKVLEVPPVVYSRQEQEEEGRKRYEAQKLERMETKWRNGDIVQPVLNPEPNTVSYSQSSLIHLVGPSDCTLHGFVHGGVTMKLMDEVAGIVAARHCKTNIVTASVDAINFHDKIRKGCVITISGRMTFTSNKSMEIEVLVDADPVVDSSQKRYRAASAFFTYVSLSQEGRSLPVPQLVPETEDEKKRFEEGKGRYLQMKAKRQGHAEPQP","MKLLARALRLCEFGRQASSRRLVAMQGCVGPRRGCCAPVQVVGPRADLPPCGACITGRIMRPDDANVAGNVHGGTILKMIEEAGAIISTRHCNSQNGERCVAALARVERTDFLSPMCIGEVAHVSAEITYTSKHSVEVQVNVMSENILTGAKKLTNKATLWYVPLSLKNVDKVLEVPPVVYSRQEQEEEGRKRYEAQKLERMETKWRNGDIVQPVLNPEPNTVSYSQSSLIHLVGPSDCTLHGFVHGGVTMKLMDEVAGIVAARHCKTNIVTASVDAINFHDKIRKGCVITISGRMTFTSNKSMEIEVLVDADPVVDSSQKRYRAASAFFTYVSLSQEGRSLPVPQLVPETEDEKKRFEEGKGRYLQMKAKRQGHAEPQP",1,0
"29","O00154","MKLLARALRLCEFGRQASSRRLVAGQGCVGPRRGCCAPVQVVGPRADLPPCGACITGRIMRPDDANVAGNVHGGTILKMIEEAGAIISTRHCNSQNGERCVAALARVERTDFLSPMCIGEVAHVSAEITYTSKHSVEVQVNVMSENILTGAKKLTNKATLWYVPLSLKNVDKVLEVPPVVYSRQEQEEEGRKRYEAQKLERMETKWRNGDIVQPVLNPEPNTVSYSQSSLIHLVGPSDCTLHGFVHGGVTMKLMDEVAGIVAARHCKTNIVTASVDAINFHDKIRKGCVITISGRMTFTSNKSMEIEVLVDADPVVDSSQKRYRAASAFFTYVSLSQEGRSLPVPQLVPETEDEKKRFEEGKGRYLQMKAKRQGHAEPQP","UPI000002A4B1","ACOT7","ENSG00000097021","ENST00000608083","protein_coding","ENSP00000476610.1:p.Glu7Gly",7,"338","E","G","gAg","gGg","ENSP00000476610","T",36804,"MKLLARALRLCEFGRQASSRRLVAGQGCVGPRRGCCAPVQVVGPRADLPPCGACITGRIMRPDDANVAGNVHGGTILKMIEEAGAIISTRHCNSQNGERCVAALARVERTDFLSPMCIGEVAHVSAEITYTSKHSVEVQVNVMSENILTGAKKLTNKATLWYVPLSLKNVDKVLEVPPVVYSRQEQEEEGRKRYEAQKLERMETKWRNGDIVQPVLNPEPNTVSYSQSSLIHLVGPSDCTLHGFVHGGVTMKLMDEVAGIVAARHCKTNIVTASVDAINFHDKIRKGCVITISGRMTFTSNKSMEIEVLVDADPVVDSSQKRYRAASAFFTYVSLSQEGRSLPVPQLVPETEDEKKRFEEGKGRYLQMKAKRQGHAEPQP","MKLLARGLRLCEFGRQASSRRLVAGQGCVGPRRGCCAPVQVVGPRADLPPCGACITGRIMRPDDANVAGNVHGGTILKMIEEAGAIISTRHCNSQNGERCVAALARVERTDFLSPMCIGEVAHVSAEITYTSKHSVEVQVNVMSENILTGAKKLTNKATLWYVPLSLKNVDKVLEVPPVVYSRQEQEEEGRKRYEAQKLERMETKWRNGDIVQPVLNPEPNTVSYSQSSLIHLVGPSDCTLHGFVHGGVTMKLMDEVAGIVAARHCKTNIVTASVDAINFHDKIRKGCVITISGRMTFTSNKSMEIEVLVDADPVVDSSQKRYRAASAFFTYVSLSQEGRSLPVPQLVPETEDEKKRFEEGKGRYLQMKAKRQGHAEPQP",3,1
"30","O00154","MKLLARALRLCEFGRQASSRRLVAGQGCVGPRRGCCAPVQVVGPRADLPPCGACITGRIMRPDDANVAGNVHGGTILKMIEEAGAIISTRHCNSQNGERCVAALARVERTDFLSPMCIGEVAHVSAEITYTSKHSVEVQVNVMSENILTGAKKLTNKATLWYVPLSLKNVDKVLEVPPVVYSRQEQEEEGRKRYEAQKLERMETKWRNGDIVQPVLNPEPNTVSYSQSSLIHLVGPSDCTLHGFVHGGVTMKLMDEVAGIVAARHCKTNIVTASVDAINFHDKIRKGCVITISGRMTFTSNKSMEIEVLVDADPVVDSSQKRYRAASAFFTYVSLSQEGRSLPVPQLVPETEDEKKRFEEGKGRYLQMKAKRQGHAEPQP","UPI000002A4B1","ACOT7","ENSG00000097021","ENST00000608083","protein_coding","ENSP00000476610.1:p.Ser2Leu",2,"338","S","L","tCg","tTg","ENSP00000476610","G",36805,"MKLLARALRLCEFGRQASSRRLVAGQGCVGPRRGCCAPVQVVGPRADLPPCGACITGRIMRPDDANVAGNVHGGTILKMIEEAGAIISTRHCNSQNGERCVAALARVERTDFLSPMCIGEVAHVSAEITYTSKHSVEVQVNVMSENILTGAKKLTNKATLWYVPLSLKNVDKVLEVPPVVYSRQEQEEEGRKRYEAQKLERMETKWRNGDIVQPVLNPEPNTVSYSQSSLIHLVGPSDCTLHGFVHGGVTMKLMDEVAGIVAARHCKTNIVTASVDAINFHDKIRKGCVITISGRMTFTSNKSMEIEVLVDADPVVDSSQKRYRAASAFFTYVSLSQEGRSLPVPQLVPETEDEKKRFEEGKGRYLQMKAKRQGHAEPQP","MLLLARALRLCEFGRQASSRRLVAGQGCVGPRRGCCAPVQVVGPRADLPPCGACITGRIMRPDDANVAGNVHGGTILKMIEEAGAIISTRHCNSQNGERCVAALARVERTDFLSPMCIGEVAHVSAEITYTSKHSVEVQVNVMSENILTGAKKLTNKATLWYVPLSLKNVDKVLEVPPVVYSRQEQEEEGRKRYEAQKLERMETKWRNGDIVQPVLNPEPNTVSYSQSSLIHLVGPSDCTLHGFVHGGVTMKLMDEVAGIVAARHCKTNIVTASVDAINFHDKIRKGCVITISGRMTFTSNKSMEIEVLVDADPVVDSSQKRYRAASAFFTYVSLSQEGRSLPVPQLVPETEDEKKRFEEGKGRYLQMKAKRQGHAEPQP",1,0
"31","O00154","MKLLARALRLCEFGRQASSRRLVAGQGCVGPRRGCCAPVQVVGPRADLPPCGACITGRIMRPDDANVAGNVHGGTILKMIEEAGAIISTRHCNSQNGERCVAALARVERTDFLSPMCIGEVAHVSAEITYTSKHSVEVQVNVMSENILTGAKKLTNKATLWYVPLSLKNVDKVLEVPPVVYSRQEQEEEGRKRYEAQKLERMETKWRNGDIVQPVLNPEPNTVSYSQSSLIHLVGPSDCTLHGFVHGGVTMKLMDEVAGIVAARHCKTNIVTASVDAINFHDKIRKGCVITISGRMTFTSNKSMEIEVLVDADPVVDSSQKRYRAASAFFTYVSLSQEGRSLPVPQLVPETEDEKKRFEEGKGRYLQMKAKRQGHAEPQP","UPI000002A4B2","ACOT7","ENSG00000097021","ENST00000377845","protein_coding","ENSP00000367076.3:p.Gln349Lys",349,"350","Q","K","Cag","Aag","ENSP00000367076","G",36411,"MKLLARALRLCEFGRQASSRRLVAGQGCVGPRRGCCAPVQVVGPRADLPPCGACITGRIMRPDDANVAGNVHGGTILKMIEEAGAIISTRHCNSQNGERCVAALARVERTDFLSPMCIGEVAHVSAEITYTSKHSVEVQVNVMSENILTGAKKLTNKATLWYVPLSLKNVDKVLEVPPVVYSRQEQEEEGRKRYEAQKLERMETKWRNGDIVQPVLNPEPNTVSYSQSSLIHLVGPSDCTLHGFVHGGVTMKLMDEVAGIVAARHCKTNIVTASVDAINFHDKIRKGCVITISGRMTFTSNKSMEIEVLVDADPVVDSSQKRYRAASAFFTYVSLSQEGRSLPVPQLVPETEDEKKRFEEGKGRYLQMKAKRQGHAEPQP","MKLLARALRLCEFGRQASSRRLVAGQGCVGPRRGCCAPVQVVGPRADLPPCGACITGRIMRPDDANVAGNVHGGTILKMIEEAGAIISTRHCNSQNGERCVAALARVERTDFLSPMCIGEVAHVSAEITYTSKHSVEVQVNVMSENILTGAKKLTNKATLWYVPLSLKNVDKVLEVPPVVYSRQEQEEEGRKRYEAQKLERMETKWRNGDIVQPVLNPEPNTVSYSQSSLIHLVGPSDCTLHGFVHGGVTMKLMDEVAGIVAARHCKTNIVTASVDAINFHDKIRKGCVITISGRMTFTSNKSMEIEVLVDADPVVDSSQKRYRAASAFFTYVSLSQEGRSLPVPQLVKETEDEKKRFEEGKGRYLQMKAKRQGHAEPQP",1,0
"32","O00154","MKLLARALRLCEFGRQASSRRLVAGQGCVGPRRGCCAPVQVVGPRADLPPCGACITGRIMRPDDANVAGNVHGGTILKMIEEAGAIISTRHCNSQNGERCVAALARVERTDFLSPMCIGEVAHVSAEITYTSKHSVEVQVNVMSENILTGAKKLTNKATLWYVPLSLKNVDKVLEVPPVVYSRQEQEEEGRKRYEAQKLERMETKWRNGDIVQPVLNPEPNTVSYSQSSLIHLVGPSDCTLHGFVHGGVTMKLMDEVAGIVAARHCKTNIVTASVDAINFHDKIRKGCVITISGRMTFTSNKSMEIEVLVDADPVVDSSQKRYRAASAFFTYVSLSQEGRSLPVPQLVPETEDEKKRFEEGKGRYLQMKAKRQGHAEPQP","UPI000002A4B2","ACOT7","ENSG00000097021","ENST00000377845","protein_coding","ENSP00000367076.3:p.Ala346Val",346,"350","A","V","gCg","gTg","ENSP00000367076","G",36413,"MKLLARALRLCEFGRQASSRRLVAGQGCVGPRRGCCAPVQVVGPRADLPPCGACITGRIMRPDDANVAGNVHGGTILKMIEEAGAIISTRHCNSQNGERCVAALARVERTDFLSPMCIGEVAHVSAEITYTSKHSVEVQVNVMSENILTGAKKLTNKATLWYVPLSLKNVDKVLEVPPVVYSRQEQEEEGRKRYEAQKLERMETKWRNGDIVQPVLNPEPNTVSYSQSSLIHLVGPSDCTLHGFVHGGVTMKLMDEVAGIVAARHCKTNIVTASVDAINFHDKIRKGCVITISGRMTFTSNKSMEIEVLVDADPVVDSSQKRYRAASAFFTYVSLSQEGRSLPVPQLVPETEDEKKRFEEGKGRYLQMKAKRQGHAEPQP","MKLLARALRLCEFGRQASSRRLVAGQGCVGPRRGCCAPVQVVGPRADLPPCGACITGRIMRPDDANVAGNVHGGTILKMIEEAGAIISTRHCNSQNGERCVAALARVERTDFLSPMCIGEVAHVSAEITYTSKHSVEVQVNVMSENILTGAKKLTNKATLWYVPLSLKNVDKVLEVPPVVYSRQEQEEEGRKRYEAQKLERMETKWRNGDIVQPVLNPEPNTVSYSQSSLIHLVGPSDCTLHGFVHGGVTMKLMDEVAGIVAARHCKTNIVTASVDAINFHDKIRKGCVITISGRMTFTSNKSMEIEVLVDADPVVDSSQKRYRAASAFFTYVSLSQEGRSLPVPVLVPETEDEKKRFEEGKGRYLQMKAKRQGHAEPQP",2,0
"33","O00154","MKLLARALRLCEFGRQASSRRLVAGQGCVGPRRGCCAPVQVVGPRADLPPCGACITGRIMRPDDANVAGNVHGGTILKMIEEAGAIISTRHCNSQNGERCVAALARVERTDFLSPMCIGEVAHVSAEITYTSKHSVEVQVNVMSENILTGAKKLTNKATLWYVPLSLKNVDKVLEVPPVVYSRQEQEEEGRKRYEAQKLERMETKWRNGDIVQPVLNPEPNTVSYSQSSLIHLVGPSDCTLHGFVHGGVTMKLMDEVAGIVAARHCKTNIVTASVDAINFHDKIRKGCVITISGRMTFTSNKSMEIEVLVDADPVVDSSQKRYRAASAFFTYVSLSQEGRSLPVPQLVPETEDEKKRFEEGKGRYLQMKAKRQGHAEPQP","UPI000002A4B2","ACOT7","ENSG00000097021","ENST00000377845","protein_coding","ENSP00000367076.3:p.Gln343Arg",343,"350","Q","R","cAg","cGg","ENSP00000367076","T",36415,"MKLLARALRLCEFGRQASSRRLVAGQGCVGPRRGCCAPVQVVGPRADLPPCGACITGRIMRPDDANVAGNVHGGTILKMIEEAGAIISTRHCNSQNGERCVAALARVERTDFLSPMCIGEVAHVSAEITYTSKHSVEVQVNVMSENILTGAKKLTNKATLWYVPLSLKNVDKVLEVPPVVYSRQEQEEEGRKRYEAQKLERMETKWRNGDIVQPVLNPEPNTVSYSQSSLIHLVGPSDCTLHGFVHGGVTMKLMDEVAGIVAARHCKTNIVTASVDAINFHDKIRKGCVITISGRMTFTSNKSMEIEVLVDADPVVDSSQKRYRAASAFFTYVSLSQEGRSLPVPQLVPETEDEKKRFEEGKGRYLQMKAKRQGHAEPQP","MKLLARALRLCEFGRQASSRRLVAGQGCVGPRRGCCAPVQVVGPRADLPPCGACITGRIMRPDDANVAGNVHGGTILKMIEEAGAIISTRHCNSQNGERCVAALARVERTDFLSPMCIGEVAHVSAEITYTSKHSVEVQVNVMSENILTGAKKLTNKATLWYVPLSLKNVDKVLEVPPVVYSRQEQEEEGRKRYEAQKLERMETKWRNGDIVQPVLNPEPNTVSYSQSSLIHLVGPSDCTLHGFVHGGVTMKLMDEVAGIVAARHCKTNIVTASVDAINFHDKIRKGCVITISGRMTFTSNKSMEIEVLVDADPVVDSSQKRYRAASAFFTYVSLSQEGRSLRVPQLVPETEDEKKRFEEGKGRYLQMKAKRQGHAEPQP",2,0
"34","O00154","MKLLARALRLCEFGRQASSRRLVAGQGCVGPRRGCCAPVQVVGPRADLPPCGACITGRIMRPDDANVAGNVHGGTILKMIEEAGAIISTRHCNSQNGERCVAALARVERTDFLSPMCIGEVAHVSAEITYTSKHSVEVQVNVMSENILTGAKKLTNKATLWYVPLSLKNVDKVLEVPPVVYSRQEQEEEGRKRYEAQKLERMETKWRNGDIVQPVLNPEPNTVSYSQSSLIHLVGPSDCTLHGFVHGGVTMKLMDEVAGIVAARHCKTNIVTASVDAINFHDKIRKGCVITISGRMTFTSNKSMEIEVLVDADPVVDSSQKRYRAASAFFTYVSLSQEGRSLPVPQLVPETEDEKKRFEEGKGRYLQMKAKRQGHAEPQP","UPI000002A4B2","ACOT7","ENSG00000097021","ENST00000377845","protein_coding","ENSP00000367076.3:p.Arg294Gln",294,"350","R","Q","cGg","cAg","ENSP00000367076","C",36446,"MKLLARALRLCEFGRQASSRRLVAGQGCVGPRRGCCAPVQVVGPRADLPPCGACITGRIMRPDDANVAGNVHGGTILKMIEEAGAIISTRHCNSQNGERCVAALARVERTDFLSPMCIGEVAHVSAEITYTSKHSVEVQVNVMSENILTGAKKLTNKATLWYVPLSLKNVDKVLEVPPVVYSRQEQEEEGRKRYEAQKLERMETKWRNGDIVQPVLNPEPNTVSYSQSSLIHLVGPSDCTLHGFVHGGVTMKLMDEVAGIVAARHCKTNIVTASVDAINFHDKIRKGCVITISGRMTFTSNKSMEIEVLVDADPVVDSSQKRYRAASAFFTYVSLSQEGRSLPVPQLVPETEDEKKRFEEGKGRYLQMKAKRQGHAEPQP","MKLLARALRLCEFGRQASSRRLVAGQGCVGPRRGCCAPVQVVGPRADLPPCGACITGRIMRPDDANVAGNVHGGTILKMIEEAGAIISTRHCNSQNGERCVAALARVERTDFLSPMCIGEVAHVSAEITYTSKHSVEVQVNVMSENILTGAKKLTNKATLWYVPLSLKNVDKVLEVPPVVYSRQEQEEEGRKRYEAQKLERMETKWRNGDIVQPVLNPEPNTVSYSQSSLIHLVGPSDCTLHGFVHGGVTMKLMDEVAGIVAARHCKTNIVTASVDAINFHDKIRKGCVITISQRMTFTSNKSMEIEVLVDADPVVDSSQKRYRAASAFFTYVSLSQEGRSLPVPQLVPETEDEKKRFEEGKGRYLQMKAKRQGHAEPQP",1,1
"35","O00154","MKLLARALRLCEFGRQASSRRLVAGQGCVGPRRGCCAPVQVVGPRADLPPCGACITGRIMRPDDANVAGNVHGGTILKMIEEAGAIISTRHCNSQNGERCVAALARVERTDFLSPMCIGEVAHVSAEITYTSKHSVEVQVNVMSENILTGAKKLTNKATLWYVPLSLKNVDKVLEVPPVVYSRQEQEEEGRKRYEAQKLERMETKWRNGDIVQPVLNPEPNTVSYSQSSLIHLVGPSDCTLHGFVHGGVTMKLMDEVAGIVAARHCKTNIVTASVDAINFHDKIRKGCVITISGRMTFTSNKSMEIEVLVDADPVVDSSQKRYRAASAFFTYVSLSQEGRSLPVPQLVPETEDEKKRFEEGKGRYLQMKAKRQGHAEPQP","UPI000002A4B2","ACOT7","ENSG00000097021","ENST00000377845","protein_coding","ENSP00000367076.3:p.Asn271Ser",271,"350","N","S","aAt","aGt","ENSP00000367076","T",36453,"MKLLARALRLCEFGRQASSRRLVAGQGCVGPRRGCCAPVQVVGPRADLPPCGACITGRIMRPDDANVAGNVHGGTILKMIEEAGAIISTRHCNSQNGERCVAALARVERTDFLSPMCIGEVAHVSAEITYTSKHSVEVQVNVMSENILTGAKKLTNKATLWYVPLSLKNVDKVLEVPPVVYSRQEQEEEGRKRYEAQKLERMETKWRNGDIVQPVLNPEPNTVSYSQSSLIHLVGPSDCTLHGFVHGGVTMKLMDEVAGIVAARHCKTNIVTASVDAINFHDKIRKGCVITISGRMTFTSNKSMEIEVLVDADPVVDSSQKRYRAASAFFTYVSLSQEGRSLPVPQLVPETEDEKKRFEEGKGRYLQMKAKRQGHAEPQP","MKLLARALRLCEFGRQASSRRLVAGQGCVGPRRGCCAPVQVVGPRADLPPCGACITGRIMRPDDANVAGNVHGGTILKMIEEAGAIISTRHCNSQNGERCVAALARVERTDFLSPMCIGEVAHVSAEITYTSKHSVEVQVNVMSENILTGAKKLTNKATLWYVPLSLKNVDKVLEVPPVVYSRQEQEEEGRKRYEAQKLERMETKWRNGDIVQPVLNPEPNTVSYSQSSLIHLVGPSDCTLHGFVHGGVTMKLMDEVAGIVAARHCKTNISTASVDAINFHDKIRKGCVITISGRMTFTSNKSMEIEVLVDADPVVDSSQKRYRAASAFFTYVSLSQEGRSLPVPQLVPETEDEKKRFEEGKGRYLQMKAKRQGHAEPQP",2,0
"36","O00154","MKLLARALRLCEFGRQASSRRLVAGQGCVGPRRGCCAPVQVVGPRADLPPCGACITGRIMRPDDANVAGNVHGGTILKMIEEAGAIISTRHCNSQNGERCVAALARVERTDFLSPMCIGEVAHVSAEITYTSKHSVEVQVNVMSENILTGAKKLTNKATLWYVPLSLKNVDKVLEVPPVVYSRQEQEEEGRKRYEAQKLERMETKWRNGDIVQPVLNPEPNTVSYSQSSLIHLVGPSDCTLHGFVHGGVTMKLMDEVAGIVAARHCKTNIVTASVDAINFHDKIRKGCVITISGRMTFTSNKSMEIEVLVDADPVVDSSQKRYRAASAFFTYVSLSQEGRSLPVPQLVPETEDEKKRFEEGKGRYLQMKAKRQGHAEPQP","UPI000002A4B2","ACOT7","ENSG00000097021","ENST00000377845","protein_coding","ENSP00000367076.3:p.Ser263Leu",263,"350","S","L","tCg","tTg","ENSP00000367076","G",36457,"MKLLARALRLCEFGRQASSRRLVAGQGCVGPRRGCCAPVQVVGPRADLPPCGACITGRIMRPDDANVAGNVHGGTILKMIEEAGAIISTRHCNSQNGERCVAALARVERTDFLSPMCIGEVAHVSAEITYTSKHSVEVQVNVMSENILTGAKKLTNKATLWYVPLSLKNVDKVLEVPPVVYSRQEQEEEGRKRYEAQKLERMETKWRNGDIVQPVLNPEPNTVSYSQSSLIHLVGPSDCTLHGFVHGGVTMKLMDEVAGIVAARHCKTNIVTASVDAINFHDKIRKGCVITISGRMTFTSNKSMEIEVLVDADPVVDSSQKRYRAASAFFTYVSLSQEGRSLPVPQLVPETEDEKKRFEEGKGRYLQMKAKRQGHAEPQP","MKLLARALRLCEFGRQASSRRLVAGQGCVGPRRGCCAPVQVVGPRADLPPCGACITGRIMRPDDANVAGNVHGGTILKMIEEAGAIISTRHCNSQNGERCVAALARVERTDFLSPMCIGEVAHVSAEITYTSKHSVEVQVNVMSENILTGAKKLTNKATLWYVPLSLKNVDKVLEVPPVVYSRQEQEEEGRKRYEAQKLERMETKWRNGDIVQPVLNPEPNTVSYSQSSLIHLVGPSDCTLHGFVHGGVTMKLMDEVAGIVALRHCKTNIVTASVDAINFHDKIRKGCVITISGRMTFTSNKSMEIEVLVDADPVVDSSQKRYRAASAFFTYVSLSQEGRSLPVPQLVPETEDEKKRFEEGKGRYLQMKAKRQGHAEPQP",2,0
"37","O00154","MKLLARALRLCEFGRQASSRRLVAGQGCVGPRRGCCAPVQVVGPRADLPPCGACITGRIMRPDDANVAGNVHGGTILKMIEEAGAIISTRHCNSQNGERCVAALARVERTDFLSPMCIGEVAHVSAEITYTSKHSVEVQVNVMSENILTGAKKLTNKATLWYVPLSLKNVDKVLEVPPVVYSRQEQEEEGRKRYEAQKLERMETKWRNGDIVQPVLNPEPNTVSYSQSSLIHLVGPSDCTLHGFVHGGVTMKLMDEVAGIVAARHCKTNIVTASVDAINFHDKIRKGCVITISGRMTFTSNKSMEIEVLVDADPVVDSSQKRYRAASAFFTYVSLSQEGRSLPVPQLVPETEDEKKRFEEGKGRYLQMKAKRQGHAEPQP","UPI000002A4B2","ACOT7","ENSG00000097021","ENST00000377845","protein_coding","ENSP00000367076.3:p.Gly229Arg",229,"350","G","R","Ggg","Agg","ENSP00000367076","C",36498,"MKLLARALRLCEFGRQASSRRLVAGQGCVGPRRGCCAPVQVVGPRADLPPCGACITGRIMRPDDANVAGNVHGGTILKMIEEAGAIISTRHCNSQNGERCVAALARVERTDFLSPMCIGEVAHVSAEITYTSKHSVEVQVNVMSENILTGAKKLTNKATLWYVPLSLKNVDKVLEVPPVVYSRQEQEEEGRKRYEAQKLERMETKWRNGDIVQPVLNPEPNTVSYSQSSLIHLVGPSDCTLHGFVHGGVTMKLMDEVAGIVAARHCKTNIVTASVDAINFHDKIRKGCVITISGRMTFTSNKSMEIEVLVDADPVVDSSQKRYRAASAFFTYVSLSQEGRSLPVPQLVPETEDEKKRFEEGKGRYLQMKAKRQGHAEPQP","MKLLARALRLCEFGRQASSRRLVAGQGCVGPRRGCCAPVQVVGPRADLPPCGACITGRIMRPDDANVAGNVHGGTILKMIEEAGAIISTRHCNSQNGERCVAALARVERTDFLSPMCIGEVAHVSAEITYTSKHSVEVQVNVMSENILTGAKKLTNKATLWYVPLSLKNVDKVLEVPPVVYSRQEQEEEGRKRYEAQKLERMETKWRNGDIVQPVLNPEPNTVSYSQSRLIHLVGPSDCTLHGFVHGGVTMKLMDEVAGIVAARHCKTNIVTASVDAINFHDKIRKGCVITISGRMTFTSNKSMEIEVLVDADPVVDSSQKRYRAASAFFTYVSLSQEGRSLPVPQLVPETEDEKKRFEEGKGRYLQMKAKRQGHAEPQP",1,0
"38","O00154","MKLLARALRLCEFGRQASSRRLVAGQGCVGPRRGCCAPVQVVGPRADLPPCGACITGRIMRPDDANVAGNVHGGTILKMIEEAGAIISTRHCNSQNGERCVAALARVERTDFLSPMCIGEVAHVSAEITYTSKHSVEVQVNVMSENILTGAKKLTNKATLWYVPLSLKNVDKVLEVPPVVYSRQEQEEEGRKRYEAQKLERMETKWRNGDIVQPVLNPEPNTVSYSQSSLIHLVGPSDCTLHGFVHGGVTMKLMDEVAGIVAARHCKTNIVTASVDAINFHDKIRKGCVITISGRMTFTSNKSMEIEVLVDADPVVDSSQKRYRAASAFFTYVSLSQEGRSLPVPQLVPETEDEKKRFEEGKGRYLQMKAKRQGHAEPQP","UPI000002A4B2","ACOT7","ENSG00000097021","ENST00000377845","protein_coding","ENSP00000367076.3:p.Pro184Leu",184,"350","P","L","cCa","cTa","ENSP00000367076","G",36627,"MKLLARALRLCEFGRQASSRRLVAGQGCVGPRRGCCAPVQVVGPRADLPPCGACITGRIMRPDDANVAGNVHGGTILKMIEEAGAIISTRHCNSQNGERCVAALARVERTDFLSPMCIGEVAHVSAEITYTSKHSVEVQVNVMSENILTGAKKLTNKATLWYVPLSLKNVDKVLEVPPVVYSRQEQEEEGRKRYEAQKLERMETKWRNGDIVQPVLNPEPNTVSYSQSSLIHLVGPSDCTLHGFVHGGVTMKLMDEVAGIVAARHCKTNIVTASVDAINFHDKIRKGCVITISGRMTFTSNKSMEIEVLVDADPVVDSSQKRYRAASAFFTYVSLSQEGRSLPVPQLVPETEDEKKRFEEGKGRYLQMKAKRQGHAEPQP","MKLLARALRLCEFGRQASSRRLVAGQGCVGPRRGCCAPVQVVGPRADLPPCGACITGRIMRPDDANVAGNVHGGTILKMIEEAGAIISTRHCNSQNGERCVAALARVERTDFLSPMCIGEVAHVSAEITYTSKHSVEVQVNVMSENILTGAKKLTNKATLWYVPLSLKNVDKVLEVPPVVYSRLEQEEEGRKRYEAQKLERMETKWRNGDIVQPVLNPEPNTVSYSQSSLIHLVGPSDCTLHGFVHGGVTMKLMDEVAGIVAARHCKTNIVTASVDAINFHDKIRKGCVITISGRMTFTSNKSMEIEVLVDADPVVDSSQKRYRAASAFFTYVSLSQEGRSLPVPQLVPETEDEKKRFEEGKGRYLQMKAKRQGHAEPQP",1,0
"39","O00154","MKLLARALRLCEFGRQASSRRLVAGQGCVGPRRGCCAPVQVVGPRADLPPCGACITGRIMRPDDANVAGNVHGGTILKMIEEAGAIISTRHCNSQNGERCVAALARVERTDFLSPMCIGEVAHVSAEITYTSKHSVEVQVNVMSENILTGAKKLTNKATLWYVPLSLKNVDKVLEVPPVVYSRQEQEEEGRKRYEAQKLERMETKWRNGDIVQPVLNPEPNTVSYSQSSLIHLVGPSDCTLHGFVHGGVTMKLMDEVAGIVAARHCKTNIVTASVDAINFHDKIRKGCVITISGRMTFTSNKSMEIEVLVDADPVVDSSQKRYRAASAFFTYVSLSQEGRSLPVPQLVPETEDEKKRFEEGKGRYLQMKAKRQGHAEPQP","UPI000002A4B2","ACOT7","ENSG00000097021","ENST00000377845","protein_coding","ENSP00000367076.3:p.Gly179Glu",179,"350","G","E","gGg","gAg","ENSP00000367076","C",36629,"MKLLARALRLCEFGRQASSRRLVAGQGCVGPRRGCCAPVQVVGPRADLPPCGACITGRIMRPDDANVAGNVHGGTILKMIEEAGAIISTRHCNSQNGERCVAALARVERTDFLSPMCIGEVAHVSAEITYTSKHSVEVQVNVMSENILTGAKKLTNKATLWYVPLSLKNVDKVLEVPPVVYSRQEQEEEGRKRYEAQKLERMETKWRNGDIVQPVLNPEPNTVSYSQSSLIHLVGPSDCTLHGFVHGGVTMKLMDEVAGIVAARHCKTNIVTASVDAINFHDKIRKGCVITISGRMTFTSNKSMEIEVLVDADPVVDSSQKRYRAASAFFTYVSLSQEGRSLPVPQLVPETEDEKKRFEEGKGRYLQMKAKRQGHAEPQP","MKLLARALRLCEFGRQASSRRLVAGQGCVGPRRGCCAPVQVVGPRADLPPCGACITGRIMRPDDANVAGNVHGGTILKMIEEAGAIISTRHCNSQNGERCVAALARVERTDFLSPMCIGEVAHVSAEITYTSKHSVEVQVNVMSENILTGAKKLTNKATLWYVPLSLKNVDKVLEVPPEVYSRQEQEEEGRKRYEAQKLERMETKWRNGDIVQPVLNPEPNTVSYSQSSLIHLVGPSDCTLHGFVHGGVTMKLMDEVAGIVAARHCKTNIVTASVDAINFHDKIRKGCVITISGRMTFTSNKSMEIEVLVDADPVVDSSQKRYRAASAFFTYVSLSQEGRSLPVPQLVPETEDEKKRFEEGKGRYLQMKAKRQGHAEPQP",1,0
"40","O00154","MKLLARALRLCEFGRQASSRRLVAGQGCVGPRRGCCAPVQVVGPRADLPPCGACITGRIMRPDDANVAGNVHGGTILKMIEEAGAIISTRHCNSQNGERCVAALARVERTDFLSPMCIGEVAHVSAEITYTSKHSVEVQVNVMSENILTGAKKLTNKATLWYVPLSLKNVDKVLEVPPVVYSRQEQEEEGRKRYEAQKLERMETKWRNGDIVQPVLNPEPNTVSYSQSSLIHLVGPSDCTLHGFVHGGVTMKLMDEVAGIVAARHCKTNIVTASVDAINFHDKIRKGCVITISGRMTFTSNKSMEIEVLVDADPVVDSSQKRYRAASAFFTYVSLSQEGRSLPVPQLVPETEDEKKRFEEGKGRYLQMKAKRQGHAEPQP","UPI000002A4B2","ACOT7","ENSG00000097021","ENST00000377845","protein_coding","ENSP00000367076.3:p.Tyr164Ter",164,"350","Y","*","taT","taG","ENSP00000367076","A",36630,"MKLLARALRLCEFGRQASSRRLVAGQGCVGPRRGCCAPVQVVGPRADLPPCGACITGRIMRPDDANVAGNVHGGTILKMIEEAGAIISTRHCNSQNGERCVAALARVERTDFLSPMCIGEVAHVSAEITYTSKHSVEVQVNVMSENILTGAKKLTNKATLWYVPLSLKNVDKVLEVPPVVYSRQEQEEEGRKRYEAQKLERMETKWRNGDIVQPVLNPEPNTVSYSQSSLIHLVGPSDCTLHGFVHGGVTMKLMDEVAGIVAARHCKTNIVTASVDAINFHDKIRKGCVITISGRMTFTSNKSMEIEVLVDADPVVDSSQKRYRAASAFFTYVSLSQEGRSLPVPQLVPETEDEKKRFEEGKGRYLQMKAKRQGHAEPQP","MKLLARALRLCEFGRQASSRRLVAGQGCVGPRRGCCAPVQVVGPRADLPPCGACITGRIMRPDDANVAGNVHGGTILKMIEEAGAIISTRHCNSQNGERCVAALARVERTDFLSPMCIGEVAHVSAEITYTSKHSVEVQVNVMSENILTGAKKLTNKATLWYV*LSLKNVDKVLEVPPVVYSRQEQEEEGRKRYEAQKLERMETKWRNGDIVQPVLNPEPNTVSYSQSSLIHLVGPSDCTLHGFVHGGVTMKLMDEVAGIVAARHCKTNIVTASVDAINFHDKIRKGCVITISGRMTFTSNKSMEIEVLVDADPVVDSSQKRYRAASAFFTYVSLSQEGRSLPVPQLVPETEDEKKRFEEGKGRYLQMKAKRQGHAEPQP",10,3
"41","O00154","MKLLARALRLCEFGRQASSRRLVAGQGCVGPRRGCCAPVQVVGPRADLPPCGACITGRIMRPDDANVAGNVHGGTILKMIEEAGAIISTRHCNSQNGERCVAALARVERTDFLSPMCIGEVAHVSAEITYTSKHSVEVQVNVMSENILTGAKKLTNKATLWYVPLSLKNVDKVLEVPPVVYSRQEQEEEGRKRYEAQKLERMETKWRNGDIVQPVLNPEPNTVSYSQSSLIHLVGPSDCTLHGFVHGGVTMKLMDEVAGIVAARHCKTNIVTASVDAINFHDKIRKGCVITISGRMTFTSNKSMEIEVLVDADPVVDSSQKRYRAASAFFTYVSLSQEGRSLPVPQLVPETEDEKKRFEEGKGRYLQMKAKRQGHAEPQP","UPI000002A4B2","ACOT7","ENSG00000097021","ENST00000377845","protein_coding","ENSP00000367076.3:p.Arg161Gln",161,"350","R","Q","cGg","cAg","ENSP00000367076","C",36633,"MKLLARALRLCEFGRQASSRRLVAGQGCVGPRRGCCAPVQVVGPRADLPPCGACITGRIMRPDDANVAGNVHGGTILKMIEEAGAIISTRHCNSQNGERCVAALARVERTDFLSPMCIGEVAHVSAEITYTSKHSVEVQVNVMSENILTGAKKLTNKATLWYVPLSLKNVDKVLEVPPVVYSRQEQEEEGRKRYEAQKLERMETKWRNGDIVQPVLNPEPNTVSYSQSSLIHLVGPSDCTLHGFVHGGVTMKLMDEVAGIVAARHCKTNIVTASVDAINFHDKIRKGCVITISGRMTFTSNKSMEIEVLVDADPVVDSSQKRYRAASAFFTYVSLSQEGRSLPVPQLVPETEDEKKRFEEGKGRYLQMKAKRQGHAEPQP","MKLLARALRLCEFGRQASSRRLVAGQGCVGPRRGCCAPVQVVGPRADLPPCGACITGRIMRPDDANVAGNVHGGTILKMIEEAGAIISTRHCNSQNGERCVAALARVERTDFLSPMCIGEVAHVSAEITYTSKHSVEVQVNVMSENILTGAKKLTNKATLQYVPLSLKNVDKVLEVPPVVYSRQEQEEEGRKRYEAQKLERMETKWRNGDIVQPVLNPEPNTVSYSQSSLIHLVGPSDCTLHGFVHGGVTMKLMDEVAGIVAARHCKTNIVTASVDAINFHDKIRKGCVITISGRMTFTSNKSMEIEVLVDADPVVDSSQKRYRAASAFFTYVSLSQEGRSLPVPQLVPETEDEKKRFEEGKGRYLQMKAKRQGHAEPQP",0,1
"42","O00154","MKLLARALRLCEFGRQASSRRLVAGQGCVGPRRGCCAPVQVVGPRADLPPCGACITGRIMRPDDANVAGNVHGGTILKMIEEAGAIISTRHCNSQNGERCVAALARVERTDFLSPMCIGEVAHVSAEITYTSKHSVEVQVNVMSENILTGAKKLTNKATLWYVPLSLKNVDKVLEVPPVVYSRQEQEEEGRKRYEAQKLERMETKWRNGDIVQPVLNPEPNTVSYSQSSLIHLVGPSDCTLHGFVHGGVTMKLMDEVAGIVAARHCKTNIVTASVDAINFHDKIRKGCVITISGRMTFTSNKSMEIEVLVDADPVVDSSQKRYRAASAFFTYVSLSQEGRSLPVPQLVPETEDEKKRFEEGKGRYLQMKAKRQGHAEPQP","UPI000002A4B2","ACOT7","ENSG00000097021","ENST00000377845","protein_coding","ENSP00000367076.3:p.Glu158Asp",158,"350","E","D","gaG","gaC","ENSP00000367076","C",36634,"MKLLARALRLCEFGRQASSRRLVAGQGCVGPRRGCCAPVQVVGPRADLPPCGACITGRIMRPDDANVAGNVHGGTILKMIEEAGAIISTRHCNSQNGERCVAALARVERTDFLSPMCIGEVAHVSAEITYTSKHSVEVQVNVMSENILTGAKKLTNKATLWYVPLSLKNVDKVLEVPPVVYSRQEQEEEGRKRYEAQKLERMETKWRNGDIVQPVLNPEPNTVSYSQSSLIHLVGPSDCTLHGFVHGGVTMKLMDEVAGIVAARHCKTNIVTASVDAINFHDKIRKGCVITISGRMTFTSNKSMEIEVLVDADPVVDSSQKRYRAASAFFTYVSLSQEGRSLPVPQLVPETEDEKKRFEEGKGRYLQMKAKRQGHAEPQP","MKLLARALRLCEFGRQASSRRLVAGQGCVGPRRGCCAPVQVVGPRADLPPCGACITGRIMRPDDANVAGNVHGGTILKMIEEAGAIISTRHCNSQNGERCVAALARVERTDFLSPMCIGEVAHVSAEITYTSKHSVEVQVNVMSENILTGAKKLTNKDTLWYVPLSLKNVDKVLEVPPVVYSRQEQEEEGRKRYEAQKLERMETKWRNGDIVQPVLNPEPNTVSYSQSSLIHLVGPSDCTLHGFVHGGVTMKLMDEVAGIVAARHCKTNIVTASVDAINFHDKIRKGCVITISGRMTFTSNKSMEIEVLVDADPVVDSSQKRYRAASAFFTYVSLSQEGRSLPVPQLVPETEDEKKRFEEGKGRYLQMKAKRQGHAEPQP",2,0
"43","O00154","MKLLARALRLCEFGRQASSRRLVAGQGCVGPRRGCCAPVQVVGPRADLPPCGACITGRIMRPDDANVAGNVHGGTILKMIEEAGAIISTRHCNSQNGERCVAALARVERTDFLSPMCIGEVAHVSAEITYTSKHSVEVQVNVMSENILTGAKKLTNKATLWYVPLSLKNVDKVLEVPPVVYSRQEQEEEGRKRYEAQKLERMETKWRNGDIVQPVLNPEPNTVSYSQSSLIHLVGPSDCTLHGFVHGGVTMKLMDEVAGIVAARHCKTNIVTASVDAINFHDKIRKGCVITISGRMTFTSNKSMEIEVLVDADPVVDSSQKRYRAASAFFTYVSLSQEGRSLPVPQLVPETEDEKKRFEEGKGRYLQMKAKRQGHAEPQP","UPI000002A4B2","ACOT7","ENSG00000097021","ENST00000377845","protein_coding","ENSP00000367076.3:p.Glu155Asp",155,"350","E","D","gaG","gaT","ENSP00000367076","C",36635,"MKLLARALRLCEFGRQASSRRLVAGQGCVGPRRGCCAPVQVVGPRADLPPCGACITGRIMRPDDANVAGNVHGGTILKMIEEAGAIISTRHCNSQNGERCVAALARVERTDFLSPMCIGEVAHVSAEITYTSKHSVEVQVNVMSENILTGAKKLTNKATLWYVPLSLKNVDKVLEVPPVVYSRQEQEEEGRKRYEAQKLERMETKWRNGDIVQPVLNPEPNTVSYSQSSLIHLVGPSDCTLHGFVHGGVTMKLMDEVAGIVAARHCKTNIVTASVDAINFHDKIRKGCVITISGRMTFTSNKSMEIEVLVDADPVVDSSQKRYRAASAFFTYVSLSQEGRSLPVPQLVPETEDEKKRFEEGKGRYLQMKAKRQGHAEPQP","MKLLARALRLCEFGRQASSRRLVAGQGCVGPRRGCCAPVQVVGPRADLPPCGACITGRIMRPDDANVAGNVHGGTILKMIEEAGAIISTRHCNSQNGERCVAALARVERTDFLSPMCIGEVAHVSAEITYTSKHSVEVQVNVMSENILTGAKKLDNKATLWYVPLSLKNVDKVLEVPPVVYSRQEQEEEGRKRYEAQKLERMETKWRNGDIVQPVLNPEPNTVSYSQSSLIHLVGPSDCTLHGFVHGGVTMKLMDEVAGIVAARHCKTNIVTASVDAINFHDKIRKGCVITISGRMTFTSNKSMEIEVLVDADPVVDSSQKRYRAASAFFTYVSLSQEGRSLPVPQLVPETEDEKKRFEEGKGRYLQMKAKRQGHAEPQP",1,0
"44","O00154","MKLLARALRLCEFGRQASSRRLVAGQGCVGPRRGCCAPVQVVGPRADLPPCGACITGRIMRPDDANVAGNVHGGTILKMIEEAGAIISTRHCNSQNGERCVAALARVERTDFLSPMCIGEVAHVSAEITYTSKHSVEVQVNVMSENILTGAKKLTNKATLWYVPLSLKNVDKVLEVPPVVYSRQEQEEEGRKRYEAQKLERMETKWRNGDIVQPVLNPEPNTVSYSQSSLIHLVGPSDCTLHGFVHGGVTMKLMDEVAGIVAARHCKTNIVTASVDAINFHDKIRKGCVITISGRMTFTSNKSMEIEVLVDADPVVDSSQKRYRAASAFFTYVSLSQEGRSLPVPQLVPETEDEKKRFEEGKGRYLQMKAKRQGHAEPQP","UPI000002A4B2","ACOT7","ENSG00000097021","ENST00000377845","protein_coding","ENSP00000367076.3:p.Arg153Gly",153,"350","R","G","Cgg","Ggg","ENSP00000367076","G",36636,"MKLLARALRLCEFGRQASSRRLVAGQGCVGPRRGCCAPVQVVGPRADLPPCGACITGRIMRPDDANVAGNVHGGTILKMIEEAGAIISTRHCNSQNGERCVAALARVERTDFLSPMCIGEVAHVSAEITYTSKHSVEVQVNVMSENILTGAKKLTNKATLWYVPLSLKNVDKVLEVPPVVYSRQEQEEEGRKRYEAQKLERMETKWRNGDIVQPVLNPEPNTVSYSQSSLIHLVGPSDCTLHGFVHGGVTMKLMDEVAGIVAARHCKTNIVTASVDAINFHDKIRKGCVITISGRMTFTSNKSMEIEVLVDADPVVDSSQKRYRAASAFFTYVSLSQEGRSLPVPQLVPETEDEKKRFEEGKGRYLQMKAKRQGHAEPQP","MKLLARALRLCEFGRQASSRRLVAGQGCVGPRRGCCAPVQVVGPRADLPPCGACITGRIMRPDDANVAGNVHGGTILKMIEEAGAIISTRHCNSQNGERCVAALARVERTDFLSPMCIGEVAHVSAEITYTSKHSVEVQVNVMSENILTGAKGLTNKATLWYVPLSLKNVDKVLEVPPVVYSRQEQEEEGRKRYEAQKLERMETKWRNGDIVQPVLNPEPNTVSYSQSSLIHLVGPSDCTLHGFVHGGVTMKLMDEVAGIVAARHCKTNIVTASVDAINFHDKIRKGCVITISGRMTFTSNKSMEIEVLVDADPVVDSSQKRYRAASAFFTYVSLSQEGRSLPVPQLVPETEDEKKRFEEGKGRYLQMKAKRQGHAEPQP",1,0
"45","O00154","MKLLARALRLCEFGRQASSRRLVAGQGCVGPRRGCCAPVQVVGPRADLPPCGACITGRIMRPDDANVAGNVHGGTILKMIEEAGAIISTRHCNSQNGERCVAALARVERTDFLSPMCIGEVAHVSAEITYTSKHSVEVQVNVMSENILTGAKKLTNKATLWYVPLSLKNVDKVLEVPPVVYSRQEQEEEGRKRYEAQKLERMETKWRNGDIVQPVLNPEPNTVSYSQSSLIHLVGPSDCTLHGFVHGGVTMKLMDEVAGIVAARHCKTNIVTASVDAINFHDKIRKGCVITISGRMTFTSNKSMEIEVLVDADPVVDSSQKRYRAASAFFTYVSLSQEGRSLPVPQLVPETEDEKKRFEEGKGRYLQMKAKRQGHAEPQP","UPI000002A4B2","ACOT7","ENSG00000097021","ENST00000377845","protein_coding","ENSP00000367076.3:p.Ser136Leu",136,"350","S","L","tCg","tTg","ENSP00000367076","G",36652,"MKLLARALRLCEFGRQASSRRLVAGQGCVGPRRGCCAPVQVVGPRADLPPCGACITGRIMRPDDANVAGNVHGGTILKMIEEAGAIISTRHCNSQNGERCVAALARVERTDFLSPMCIGEVAHVSAEITYTSKHSVEVQVNVMSENILTGAKKLTNKATLWYVPLSLKNVDKVLEVPPVVYSRQEQEEEGRKRYEAQKLERMETKWRNGDIVQPVLNPEPNTVSYSQSSLIHLVGPSDCTLHGFVHGGVTMKLMDEVAGIVAARHCKTNIVTASVDAINFHDKIRKGCVITISGRMTFTSNKSMEIEVLVDADPVVDSSQKRYRAASAFFTYVSLSQEGRSLPVPQLVPETEDEKKRFEEGKGRYLQMKAKRQGHAEPQP","MKLLARALRLCEFGRQASSRRLVAGQGCVGPRRGCCAPVQVVGPRADLPPCGACITGRIMRPDDANVAGNVHGGTILKMIEEAGAIISTRHCNSQNGERCVAALARVERTDFLSPMCIGEVAHVSAEITYTSKHSLEVQVNVMSENILTGAKKLTNKATLWYVPLSLKNVDKVLEVPPVVYSRQEQEEEGRKRYEAQKLERMETKWRNGDIVQPVLNPEPNTVSYSQSSLIHLVGPSDCTLHGFVHGGVTMKLMDEVAGIVAARHCKTNIVTASVDAINFHDKIRKGCVITISGRMTFTSNKSMEIEVLVDADPVVDSSQKRYRAASAFFTYVSLSQEGRSLPVPQLVPETEDEKKRFEEGKGRYLQMKAKRQGHAEPQP",0,1
"46","O00154","MKLLARALRLCEFGRQASSRRLVAGQGCVGPRRGCCAPVQVVGPRADLPPCGACITGRIMRPDDANVAGNVHGGTILKMIEEAGAIISTRHCNSQNGERCVAALARVERTDFLSPMCIGEVAHVSAEITYTSKHSVEVQVNVMSENILTGAKKLTNKATLWYVPLSLKNVDKVLEVPPVVYSRQEQEEEGRKRYEAQKLERMETKWRNGDIVQPVLNPEPNTVSYSQSSLIHLVGPSDCTLHGFVHGGVTMKLMDEVAGIVAARHCKTNIVTASVDAINFHDKIRKGCVITISGRMTFTSNKSMEIEVLVDADPVVDSSQKRYRAASAFFTYVSLSQEGRSLPVPQLVPETEDEKKRFEEGKGRYLQMKAKRQGHAEPQP","UPI000002A4B2","ACOT7","ENSG00000097021","ENST00000377845","protein_coding","ENSP00000367076.3:p.Met113Val",113,"350","M","V","Atg","Gtg","ENSP00000367076","T",36670,"MKLLARALRLCEFGRQASSRRLVAGQGCVGPRRGCCAPVQVVGPRADLPPCGACITGRIMRPDDANVAGNVHGGTILKMIEEAGAIISTRHCNSQNGERCVAALARVERTDFLSPMCIGEVAHVSAEITYTSKHSVEVQVNVMSENILTGAKKLTNKATLWYVPLSLKNVDKVLEVPPVVYSRQEQEEEGRKRYEAQKLERMETKWRNGDIVQPVLNPEPNTVSYSQSSLIHLVGPSDCTLHGFVHGGVTMKLMDEVAGIVAARHCKTNIVTASVDAINFHDKIRKGCVITISGRMTFTSNKSMEIEVLVDADPVVDSSQKRYRAASAFFTYVSLSQEGRSLPVPQLVPETEDEKKRFEEGKGRYLQMKAKRQGHAEPQP","MKLLARALRLCEFGRQASSRRLVAGQGCVGPRRGCCAPVQVVGPRADLPPCGACITGRIMRPDDANVAGNVHGGTILKMIEEAGAIISTRHCNSQNGERCVAALARVERTDFVSPMCIGEVAHVSAEITYTSKHSVEVQVNVMSENILTGAKKLTNKATLWYVPLSLKNVDKVLEVPPVVYSRQEQEEEGRKRYEAQKLERMETKWRNGDIVQPVLNPEPNTVSYSQSSLIHLVGPSDCTLHGFVHGGVTMKLMDEVAGIVAARHCKTNIVTASVDAINFHDKIRKGCVITISGRMTFTSNKSMEIEVLVDADPVVDSSQKRYRAASAFFTYVSLSQEGRSLPVPQLVPETEDEKKRFEEGKGRYLQMKAKRQGHAEPQP",1,0
"47","O00154","MKLLARALRLCEFGRQASSRRLVAGQGCVGPRRGCCAPVQVVGPRADLPPCGACITGRIMRPDDANVAGNVHGGTILKMIEEAGAIISTRHCNSQNGERCVAALARVERTDFLSPMCIGEVAHVSAEITYTSKHSVEVQVNVMSENILTGAKKLTNKATLWYVPLSLKNVDKVLEVPPVVYSRQEQEEEGRKRYEAQKLERMETKWRNGDIVQPVLNPEPNTVSYSQSSLIHLVGPSDCTLHGFVHGGVTMKLMDEVAGIVAARHCKTNIVTASVDAINFHDKIRKGCVITISGRMTFTSNKSMEIEVLVDADPVVDSSQKRYRAASAFFTYVSLSQEGRSLPVPQLVPETEDEKKRFEEGKGRYLQMKAKRQGHAEPQP","UPI000002A4B2","ACOT7","ENSG00000097021","ENST00000377845","protein_coding","ENSP00000367076.3:p.Gly89Arg",89,"350","G","R","Ggt","Cgt","ENSP00000367076","C",36675,"MKLLARALRLCEFGRQASSRRLVAGQGCVGPRRGCCAPVQVVGPRADLPPCGACITGRIMRPDDANVAGNVHGGTILKMIEEAGAIISTRHCNSQNGERCVAALARVERTDFLSPMCIGEVAHVSAEITYTSKHSVEVQVNVMSENILTGAKKLTNKATLWYVPLSLKNVDKVLEVPPVVYSRQEQEEEGRKRYEAQKLERMETKWRNGDIVQPVLNPEPNTVSYSQSSLIHLVGPSDCTLHGFVHGGVTMKLMDEVAGIVAARHCKTNIVTASVDAINFHDKIRKGCVITISGRMTFTSNKSMEIEVLVDADPVVDSSQKRYRAASAFFTYVSLSQEGRSLPVPQLVPETEDEKKRFEEGKGRYLQMKAKRQGHAEPQP","MKLLARALRLCEFGRQASSRRLVAGQGCVGPRRGCCAPVQVVGPRADLPPCGACITGRIMRPDDANVAGNVHGGTILKMIEEAGAIISRRHCNSQNGERCVAALARVERTDFLSPMCIGEVAHVSAEITYTSKHSVEVQVNVMSENILTGAKKLTNKATLWYVPLSLKNVDKVLEVPPVVYSRQEQEEEGRKRYEAQKLERMETKWRNGDIVQPVLNPEPNTVSYSQSSLIHLVGPSDCTLHGFVHGGVTMKLMDEVAGIVAARHCKTNIVTASVDAINFHDKIRKGCVITISGRMTFTSNKSMEIEVLVDADPVVDSSQKRYRAASAFFTYVSLSQEGRSLPVPQLVPETEDEKKRFEEGKGRYLQMKAKRQGHAEPQP",0,1
"48","O00154","MKLLARALRLCEFGRQASSRRLVAGQGCVGPRRGCCAPVQVVGPRADLPPCGACITGRIMRPDDANVAGNVHGGTILKMIEEAGAIISTRHCNSQNGERCVAALARVERTDFLSPMCIGEVAHVSAEITYTSKHSVEVQVNVMSENILTGAKKLTNKATLWYVPLSLKNVDKVLEVPPVVYSRQEQEEEGRKRYEAQKLERMETKWRNGDIVQPVLNPEPNTVSYSQSSLIHLVGPSDCTLHGFVHGGVTMKLMDEVAGIVAARHCKTNIVTASVDAINFHDKIRKGCVITISGRMTFTSNKSMEIEVLVDADPVVDSSQKRYRAASAFFTYVSLSQEGRSLPVPQLVPETEDEKKRFEEGKGRYLQMKAKRQGHAEPQP","UPI000002A4B2","ACOT7","ENSG00000097021","ENST00000377845","protein_coding","ENSP00000367076.3:p.Arg79Cys",79,"350","R","C","Cgc","Tgc","ENSP00000367076","G",36678,"MKLLARALRLCEFGRQASSRRLVAGQGCVGPRRGCCAPVQVVGPRADLPPCGACITGRIMRPDDANVAGNVHGGTILKMIEEAGAIISTRHCNSQNGERCVAALARVERTDFLSPMCIGEVAHVSAEITYTSKHSVEVQVNVMSENILTGAKKLTNKATLWYVPLSLKNVDKVLEVPPVVYSRQEQEEEGRKRYEAQKLERMETKWRNGDIVQPVLNPEPNTVSYSQSSLIHLVGPSDCTLHGFVHGGVTMKLMDEVAGIVAARHCKTNIVTASVDAINFHDKIRKGCVITISGRMTFTSNKSMEIEVLVDADPVVDSSQKRYRAASAFFTYVSLSQEGRSLPVPQLVPETEDEKKRFEEGKGRYLQMKAKRQGHAEPQP","MKLLARALRLCEFGRQASSRRLVAGQGCVGPRRGCCAPVQVVGPRADLPPCGACITGRIMRPDDANVAGNVHGGTILKCIEEAGAIISTRHCNSQNGERCVAALARVERTDFLSPMCIGEVAHVSAEITYTSKHSVEVQVNVMSENILTGAKKLTNKATLWYVPLSLKNVDKVLEVPPVVYSRQEQEEEGRKRYEAQKLERMETKWRNGDIVQPVLNPEPNTVSYSQSSLIHLVGPSDCTLHGFVHGGVTMKLMDEVAGIVAARHCKTNIVTASVDAINFHDKIRKGCVITISGRMTFTSNKSMEIEVLVDADPVVDSSQKRYRAASAFFTYVSLSQEGRSLPVPQLVPETEDEKKRFEEGKGRYLQMKAKRQGHAEPQP",0,2
"49","O00154","MKLLARALRLCEFGRQASSRRLVAGQGCVGPRRGCCAPVQVVGPRADLPPCGACITGRIMRPDDANVAGNVHGGTILKMIEEAGAIISTRHCNSQNGERCVAALARVERTDFLSPMCIGEVAHVSAEITYTSKHSVEVQVNVMSENILTGAKKLTNKATLWYVPLSLKNVDKVLEVPPVVYSRQEQEEEGRKRYEAQKLERMETKWRNGDIVQPVLNPEPNTVSYSQSSLIHLVGPSDCTLHGFVHGGVTMKLMDEVAGIVAARHCKTNIVTASVDAINFHDKIRKGCVITISGRMTFTSNKSMEIEVLVDADPVVDSSQKRYRAASAFFTYVSLSQEGRSLPVPQLVPETEDEKKRFEEGKGRYLQMKAKRQGHAEPQP","UPI000002A4B2","ACOT7","ENSG00000097021","ENST00000377845","protein_coding","ENSP00000367076.3:p.Arg60Gln",60,"350","R","Q","cGg","cAg","ENSP00000367076","C",36694,"MKLLARALRLCEFGRQASSRRLVAGQGCVGPRRGCCAPVQVVGPRADLPPCGACITGRIMRPDDANVAGNVHGGTILKMIEEAGAIISTRHCNSQNGERCVAALARVERTDFLSPMCIGEVAHVSAEITYTSKHSVEVQVNVMSENILTGAKKLTNKATLWYVPLSLKNVDKVLEVPPVVYSRQEQEEEGRKRYEAQKLERMETKWRNGDIVQPVLNPEPNTVSYSQSSLIHLVGPSDCTLHGFVHGGVTMKLMDEVAGIVAARHCKTNIVTASVDAINFHDKIRKGCVITISGRMTFTSNKSMEIEVLVDADPVVDSSQKRYRAASAFFTYVSLSQEGRSLPVPQLVPETEDEKKRFEEGKGRYLQMKAKRQGHAEPQP","MKLLARALRLCEFGRQASSRRLVAGQGCVGPRRGCCAPVQVVGPRADLPPCGACITGRIQRPDDANVAGNVHGGTILKMIEEAGAIISTRHCNSQNGERCVAALARVERTDFLSPMCIGEVAHVSAEITYTSKHSVEVQVNVMSENILTGAKKLTNKATLWYVPLSLKNVDKVLEVPPVVYSRQEQEEEGRKRYEAQKLERMETKWRNGDIVQPVLNPEPNTVSYSQSSLIHLVGPSDCTLHGFVHGGVTMKLMDEVAGIVAARHCKTNIVTASVDAINFHDKIRKGCVITISGRMTFTSNKSMEIEVLVDADPVVDSSQKRYRAASAFFTYVSLSQEGRSLPVPQLVPETEDEKKRFEEGKGRYLQMKAKRQGHAEPQP",0,1
"50","O00154","MKLLARALRLCEFGRQASSRRLVAGQGCVGPRRGCCAPVQVVGPRADLPPCGACITGRIMRPDDANVAGNVHGGTILKMIEEAGAIISTRHCNSQNGERCVAALARVERTDFLSPMCIGEVAHVSAEITYTSKHSVEVQVNVMSENILTGAKKLTNKATLWYVPLSLKNVDKVLEVPPVVYSRQEQEEEGRKRYEAQKLERMETKWRNGDIVQPVLNPEPNTVSYSQSSLIHLVGPSDCTLHGFVHGGVTMKLMDEVAGIVAARHCKTNIVTASVDAINFHDKIRKGCVITISGRMTFTSNKSMEIEVLVDADPVVDSSQKRYRAASAFFTYVSLSQEGRSLPVPQLVPETEDEKKRFEEGKGRYLQMKAKRQGHAEPQP","UPI000002A4B2","ACOT7","ENSG00000097021","ENST00000377845","protein_coding","ENSP00000367076.3:p.Ala55Thr",55,"350","A","T","Gcc","Acc","ENSP00000367076","C",36695,"MKLLARALRLCEFGRQASSRRLVAGQGCVGPRRGCCAPVQVVGPRADLPPCGACITGRIMRPDDANVAGNVHGGTILKMIEEAGAIISTRHCNSQNGERCVAALARVERTDFLSPMCIGEVAHVSAEITYTSKHSVEVQVNVMSENILTGAKKLTNKATLWYVPLSLKNVDKVLEVPPVVYSRQEQEEEGRKRYEAQKLERMETKWRNGDIVQPVLNPEPNTVSYSQSSLIHLVGPSDCTLHGFVHGGVTMKLMDEVAGIVAARHCKTNIVTASVDAINFHDKIRKGCVITISGRMTFTSNKSMEIEVLVDADPVVDSSQKRYRAASAFFTYVSLSQEGRSLPVPQLVPETEDEKKRFEEGKGRYLQMKAKRQGHAEPQP","MKLLARALRLCEFGRQASSRRLVAGQGCVGPRRGCCAPVQVVGPRADLPPCGACTTGRIMRPDDANVAGNVHGGTILKMIEEAGAIISTRHCNSQNGERCVAALARVERTDFLSPMCIGEVAHVSAEITYTSKHSVEVQVNVMSENILTGAKKLTNKATLWYVPLSLKNVDKVLEVPPVVYSRQEQEEEGRKRYEAQKLERMETKWRNGDIVQPVLNPEPNTVSYSQSSLIHLVGPSDCTLHGFVHGGVTMKLMDEVAGIVAARHCKTNIVTASVDAINFHDKIRKGCVITISGRMTFTSNKSMEIEVLVDADPVVDSSQKRYRAASAFFTYVSLSQEGRSLPVPQLVPETEDEKKRFEEGKGRYLQMKAKRQGHAEPQP",1,0
"51","O00154","MKLLARALRLCEFGRQASSRRLVAGQGCVGPRRGCCAPVQVVGPRADLPPCGACITGRIMRPDDANVAGNVHGGTILKMIEEAGAIISTRHCNSQNGERCVAALARVERTDFLSPMCIGEVAHVSAEITYTSKHSVEVQVNVMSENILTGAKKLTNKATLWYVPLSLKNVDKVLEVPPVVYSRQEQEEEGRKRYEAQKLERMETKWRNGDIVQPVLNPEPNTVSYSQSSLIHLVGPSDCTLHGFVHGGVTMKLMDEVAGIVAARHCKTNIVTASVDAINFHDKIRKGCVITISGRMTFTSNKSMEIEVLVDADPVVDSSQKRYRAASAFFTYVSLSQEGRSLPVPQLVPETEDEKKRFEEGKGRYLQMKAKRQGHAEPQP","UPI000002A4B2","ACOT7","ENSG00000097021","ENST00000377845","protein_coding","ENSP00000367076.3:p.Ala53Thr",53,"350","A","T","Gca","Aca","ENSP00000367076","C",36697,"MKLLARALRLCEFGRQASSRRLVAGQGCVGPRRGCCAPVQVVGPRADLPPCGACITGRIMRPDDANVAGNVHGGTILKMIEEAGAIISTRHCNSQNGERCVAALARVERTDFLSPMCIGEVAHVSAEITYTSKHSVEVQVNVMSENILTGAKKLTNKATLWYVPLSLKNVDKVLEVPPVVYSRQEQEEEGRKRYEAQKLERMETKWRNGDIVQPVLNPEPNTVSYSQSSLIHLVGPSDCTLHGFVHGGVTMKLMDEVAGIVAARHCKTNIVTASVDAINFHDKIRKGCVITISGRMTFTSNKSMEIEVLVDADPVVDSSQKRYRAASAFFTYVSLSQEGRSLPVPQLVPETEDEKKRFEEGKGRYLQMKAKRQGHAEPQP","MKLLARALRLCEFGRQASSRRLVAGQGCVGPRRGCCAPVQVVGPRADLPPCGTCITGRIMRPDDANVAGNVHGGTILKMIEEAGAIISTRHCNSQNGERCVAALARVERTDFLSPMCIGEVAHVSAEITYTSKHSVEVQVNVMSENILTGAKKLTNKATLWYVPLSLKNVDKVLEVPPVVYSRQEQEEEGRKRYEAQKLERMETKWRNGDIVQPVLNPEPNTVSYSQSSLIHLVGPSDCTLHGFVHGGVTMKLMDEVAGIVAARHCKTNIVTASVDAINFHDKIRKGCVITISGRMTFTSNKSMEIEVLVDADPVVDSSQKRYRAASAFFTYVSLSQEGRSLPVPQLVPETEDEKKRFEEGKGRYLQMKAKRQGHAEPQP",1,0
"52","O00154","MKLLARALRLCEFGRQASSRRLVAGQGCVGPRRGCCAPVQVVGPRADLPPCGACITGRIMRPDDANVAGNVHGGTILKMIEEAGAIISTRHCNSQNGERCVAALARVERTDFLSPMCIGEVAHVSAEITYTSKHSVEVQVNVMSENILTGAKKLTNKATLWYVPLSLKNVDKVLEVPPVVYSRQEQEEEGRKRYEAQKLERMETKWRNGDIVQPVLNPEPNTVSYSQSSLIHLVGPSDCTLHGFVHGGVTMKLMDEVAGIVAARHCKTNIVTASVDAINFHDKIRKGCVITISGRMTFTSNKSMEIEVLVDADPVVDSSQKRYRAASAFFTYVSLSQEGRSLPVPQLVPETEDEKKRFEEGKGRYLQMKAKRQGHAEPQP","UPI000002A4B2","ACOT7","ENSG00000097021","ENST00000377845","protein_coding","ENSP00000367076.3:p.Gly43Arg",43,"350","G","R","Ggg","Agg","ENSP00000367076","C",36698,"MKLLARALRLCEFGRQASSRRLVAGQGCVGPRRGCCAPVQVVGPRADLPPCGACITGRIMRPDDANVAGNVHGGTILKMIEEAGAIISTRHCNSQNGERCVAALARVERTDFLSPMCIGEVAHVSAEITYTSKHSVEVQVNVMSENILTGAKKLTNKATLWYVPLSLKNVDKVLEVPPVVYSRQEQEEEGRKRYEAQKLERMETKWRNGDIVQPVLNPEPNTVSYSQSSLIHLVGPSDCTLHGFVHGGVTMKLMDEVAGIVAARHCKTNIVTASVDAINFHDKIRKGCVITISGRMTFTSNKSMEIEVLVDADPVVDSSQKRYRAASAFFTYVSLSQEGRSLPVPQLVPETEDEKKRFEEGKGRYLQMKAKRQGHAEPQP","MKLLARALRLCEFGRQASSRRLVAGQGCVGPRRGCCAPVQVVRPRADLPPCGACITGRIMRPDDANVAGNVHGGTILKMIEEAGAIISTRHCNSQNGERCVAALARVERTDFLSPMCIGEVAHVSAEITYTSKHSVEVQVNVMSENILTGAKKLTNKATLWYVPLSLKNVDKVLEVPPVVYSRQEQEEEGRKRYEAQKLERMETKWRNGDIVQPVLNPEPNTVSYSQSSLIHLVGPSDCTLHGFVHGGVTMKLMDEVAGIVAARHCKTNIVTASVDAINFHDKIRKGCVITISGRMTFTSNKSMEIEVLVDADPVVDSSQKRYRAASAFFTYVSLSQEGRSLPVPQLVPETEDEKKRFEEGKGRYLQMKAKRQGHAEPQP",1,0
"53","O00154","MKLLARALRLCEFGRQASSRRLVAGQGCVGPRRGCCAPVQVVGPRADLPPCGACITGRIMRPDDANVAGNVHGGTILKMIEEAGAIISTRHCNSQNGERCVAALARVERTDFLSPMCIGEVAHVSAEITYTSKHSVEVQVNVMSENILTGAKKLTNKATLWYVPLSLKNVDKVLEVPPVVYSRQEQEEEGRKRYEAQKLERMETKWRNGDIVQPVLNPEPNTVSYSQSSLIHLVGPSDCTLHGFVHGGVTMKLMDEVAGIVAARHCKTNIVTASVDAINFHDKIRKGCVITISGRMTFTSNKSMEIEVLVDADPVVDSSQKRYRAASAFFTYVSLSQEGRSLPVPQLVPETEDEKKRFEEGKGRYLQMKAKRQGHAEPQP","UPI000002A4B2","ACOT7","ENSG00000097021","ENST00000377845","protein_coding","ENSP00000367076.3:p.Asn40Ser",40,"350","N","S","aAt","aGt","ENSP00000367076","T",36699,"MKLLARALRLCEFGRQASSRRLVAGQGCVGPRRGCCAPVQVVGPRADLPPCGACITGRIMRPDDANVAGNVHGGTILKMIEEAGAIISTRHCNSQNGERCVAALARVERTDFLSPMCIGEVAHVSAEITYTSKHSVEVQVNVMSENILTGAKKLTNKATLWYVPLSLKNVDKVLEVPPVVYSRQEQEEEGRKRYEAQKLERMETKWRNGDIVQPVLNPEPNTVSYSQSSLIHLVGPSDCTLHGFVHGGVTMKLMDEVAGIVAARHCKTNIVTASVDAINFHDKIRKGCVITISGRMTFTSNKSMEIEVLVDADPVVDSSQKRYRAASAFFTYVSLSQEGRSLPVPQLVPETEDEKKRFEEGKGRYLQMKAKRQGHAEPQP","MKLLARALRLCEFGRQASSRRLVAGQGCVGPRRGCCAPVSVVGPRADLPPCGACITGRIMRPDDANVAGNVHGGTILKMIEEAGAIISTRHCNSQNGERCVAALARVERTDFLSPMCIGEVAHVSAEITYTSKHSVEVQVNVMSENILTGAKKLTNKATLWYVPLSLKNVDKVLEVPPVVYSRQEQEEEGRKRYEAQKLERMETKWRNGDIVQPVLNPEPNTVSYSQSSLIHLVGPSDCTLHGFVHGGVTMKLMDEVAGIVAARHCKTNIVTASVDAINFHDKIRKGCVITISGRMTFTSNKSMEIEVLVDADPVVDSSQKRYRAASAFFTYVSLSQEGRSLPVPQLVPETEDEKKRFEEGKGRYLQMKAKRQGHAEPQP",1,1
"54","O00154","MKLLARALRLCEFGRQASSRRLVAGQGCVGPRRGCCAPVQVVGPRADLPPCGACITGRIMRPDDANVAGNVHGGTILKMIEEAGAIISTRHCNSQNGERCVAALARVERTDFLSPMCIGEVAHVSAEITYTSKHSVEVQVNVMSENILTGAKKLTNKATLWYVPLSLKNVDKVLEVPPVVYSRQEQEEEGRKRYEAQKLERMETKWRNGDIVQPVLNPEPNTVSYSQSSLIHLVGPSDCTLHGFVHGGVTMKLMDEVAGIVAARHCKTNIVTASVDAINFHDKIRKGCVITISGRMTFTSNKSMEIEVLVDADPVVDSSQKRYRAASAFFTYVSLSQEGRSLPVPQLVPETEDEKKRFEEGKGRYLQMKAKRQGHAEPQP","UPI000002A4B2","ACOT7","ENSG00000097021","ENST00000377845","protein_coding","ENSP00000367076.3:p.Val37Met",37,"350","V","M","Gtg","Atg","ENSP00000367076","C",36701,"MKLLARALRLCEFGRQASSRRLVAGQGCVGPRRGCCAPVQVVGPRADLPPCGACITGRIMRPDDANVAGNVHGGTILKMIEEAGAIISTRHCNSQNGERCVAALARVERTDFLSPMCIGEVAHVSAEITYTSKHSVEVQVNVMSENILTGAKKLTNKATLWYVPLSLKNVDKVLEVPPVVYSRQEQEEEGRKRYEAQKLERMETKWRNGDIVQPVLNPEPNTVSYSQSSLIHLVGPSDCTLHGFVHGGVTMKLMDEVAGIVAARHCKTNIVTASVDAINFHDKIRKGCVITISGRMTFTSNKSMEIEVLVDADPVVDSSQKRYRAASAFFTYVSLSQEGRSLPVPQLVPETEDEKKRFEEGKGRYLQMKAKRQGHAEPQP","MKLLARALRLCEFGRQASSRRLVAGQGCVGPRRGCCMPVQVVGPRADLPPCGACITGRIMRPDDANVAGNVHGGTILKMIEEAGAIISTRHCNSQNGERCVAALARVERTDFLSPMCIGEVAHVSAEITYTSKHSVEVQVNVMSENILTGAKKLTNKATLWYVPLSLKNVDKVLEVPPVVYSRQEQEEEGRKRYEAQKLERMETKWRNGDIVQPVLNPEPNTVSYSQSSLIHLVGPSDCTLHGFVHGGVTMKLMDEVAGIVAARHCKTNIVTASVDAINFHDKIRKGCVITISGRMTFTSNKSMEIEVLVDADPVVDSSQKRYRAASAFFTYVSLSQEGRSLPVPQLVPETEDEKKRFEEGKGRYLQMKAKRQGHAEPQP",1,0
"55","O00154","MKLLARALRLCEFGRQASSRRLVAGQGCVGPRRGCCAPVQVVGPRADLPPCGACITGRIMRPDDANVAGNVHGGTILKMIEEAGAIISTRHCNSQNGERCVAALARVERTDFLSPMCIGEVAHVSAEITYTSKHSVEVQVNVMSENILTGAKKLTNKATLWYVPLSLKNVDKVLEVPPVVYSRQEQEEEGRKRYEAQKLERMETKWRNGDIVQPVLNPEPNTVSYSQSSLIHLVGPSDCTLHGFVHGGVTMKLMDEVAGIVAARHCKTNIVTASVDAINFHDKIRKGCVITISGRMTFTSNKSMEIEVLVDADPVVDSSQKRYRAASAFFTYVSLSQEGRSLPVPQLVPETEDEKKRFEEGKGRYLQMKAKRQGHAEPQP","UPI000002A4B2","ACOT7","ENSG00000097021","ENST00000377845","protein_coding","ENSP00000367076.3:p.Asp18Tyr",18,"350","D","Y","Gac","Tac","ENSP00000367076","C",36739,"MKLLARALRLCEFGRQASSRRLVAGQGCVGPRRGCCAPVQVVGPRADLPPCGACITGRIMRPDDANVAGNVHGGTILKMIEEAGAIISTRHCNSQNGERCVAALARVERTDFLSPMCIGEVAHVSAEITYTSKHSVEVQVNVMSENILTGAKKLTNKATLWYVPLSLKNVDKVLEVPPVVYSRQEQEEEGRKRYEAQKLERMETKWRNGDIVQPVLNPEPNTVSYSQSSLIHLVGPSDCTLHGFVHGGVTMKLMDEVAGIVAARHCKTNIVTASVDAINFHDKIRKGCVITISGRMTFTSNKSMEIEVLVDADPVVDSSQKRYRAASAFFTYVSLSQEGRSLPVPQLVPETEDEKKRFEEGKGRYLQMKAKRQGHAEPQP","MKLLARALRLCEFGRQAYSRRLVAGQGCVGPRRGCCAPVQVVGPRADLPPCGACITGRIMRPDDANVAGNVHGGTILKMIEEAGAIISTRHCNSQNGERCVAALARVERTDFLSPMCIGEVAHVSAEITYTSKHSVEVQVNVMSENILTGAKKLTNKATLWYVPLSLKNVDKVLEVPPVVYSRQEQEEEGRKRYEAQKLERMETKWRNGDIVQPVLNPEPNTVSYSQSSLIHLVGPSDCTLHGFVHGGVTMKLMDEVAGIVAARHCKTNIVTASVDAINFHDKIRKGCVITISGRMTFTSNKSMEIEVLVDADPVVDSSQKRYRAASAFFTYVSLSQEGRSLPVPQLVPETEDEKKRFEEGKGRYLQMKAKRQGHAEPQP",27,8
"56","O00154","MKLLARALRLCEFGRQASSRRLVAGQGCVGPRRGCCAPVQVVGPRADLPPCGACITGRIMRPDDANVAGNVHGGTILKMIEEAGAIISTRHCNSQNGERCVAALARVERTDFLSPMCIGEVAHVSAEITYTSKHSVEVQVNVMSENILTGAKKLTNKATLWYVPLSLKNVDKVLEVPPVVYSRQEQEEEGRKRYEAQKLERMETKWRNGDIVQPVLNPEPNTVSYSQSSLIHLVGPSDCTLHGFVHGGVTMKLMDEVAGIVAARHCKTNIVTASVDAINFHDKIRKGCVITISGRMTFTSNKSMEIEVLVDADPVVDSSQKRYRAASAFFTYVSLSQEGRSLPVPQLVPETEDEKKRFEEGKGRYLQMKAKRQGHAEPQP","UPI000002A4B2","ACOT7","ENSG00000097021","ENST00000377845","protein_coding","ENSP00000367076.3:p.Val12Leu",12,"350","V","L","Gtc","Ctc","ENSP00000367076","C",36741,"MKLLARALRLCEFGRQASSRRLVAGQGCVGPRRGCCAPVQVVGPRADLPPCGACITGRIMRPDDANVAGNVHGGTILKMIEEAGAIISTRHCNSQNGERCVAALARVERTDFLSPMCIGEVAHVSAEITYTSKHSVEVQVNVMSENILTGAKKLTNKATLWYVPLSLKNVDKVLEVPPVVYSRQEQEEEGRKRYEAQKLERMETKWRNGDIVQPVLNPEPNTVSYSQSSLIHLVGPSDCTLHGFVHGGVTMKLMDEVAGIVAARHCKTNIVTASVDAINFHDKIRKGCVITISGRMTFTSNKSMEIEVLVDADPVVDSSQKRYRAASAFFTYVSLSQEGRSLPVPQLVPETEDEKKRFEEGKGRYLQMKAKRQGHAEPQP","MKLLARALRLCLFGRQASSRRLVAGQGCVGPRRGCCAPVQVVGPRADLPPCGACITGRIMRPDDANVAGNVHGGTILKMIEEAGAIISTRHCNSQNGERCVAALARVERTDFLSPMCIGEVAHVSAEITYTSKHSVEVQVNVMSENILTGAKKLTNKATLWYVPLSLKNVDKVLEVPPVVYSRQEQEEEGRKRYEAQKLERMETKWRNGDIVQPVLNPEPNTVSYSQSSLIHLVGPSDCTLHGFVHGGVTMKLMDEVAGIVAARHCKTNIVTASVDAINFHDKIRKGCVITISGRMTFTSNKSMEIEVLVDADPVVDSSQKRYRAASAFFTYVSLSQEGRSLPVPQLVPETEDEKKRFEEGKGRYLQMKAKRQGHAEPQP",1,0
"57","O00154","MKLLARALRLCEFGRQASSRRLVAGQGCVGPRRGCCAPVQVVGPRADLPPCGACITGRIMRPDDANVAGNVHGGTILKMIEEAGAIISTRHCNSQNGERCVAALARVERTDFLSPMCIGEVAHVSAEITYTSKHSVEVQVNVMSENILTGAKKLTNKATLWYVPLSLKNVDKVLEVPPVVYSRQEQEEEGRKRYEAQKLERMETKWRNGDIVQPVLNPEPNTVSYSQSSLIHLVGPSDCTLHGFVHGGVTMKLMDEVAGIVAARHCKTNIVTASVDAINFHDKIRKGCVITISGRMTFTSNKSMEIEVLVDADPVVDSSQKRYRAASAFFTYVSLSQEGRSLPVPQLVPETEDEKKRFEEGKGRYLQMKAKRQGHAEPQP","UPI000002A4B2","ACOT7","ENSG00000097021","ENST00000377845","protein_coding","ENSP00000367076.3:p.Leu2Pro",2,"350","L","P","cTc","cCc","ENSP00000367076","A",36744,"MKLLARALRLCEFGRQASSRRLVAGQGCVGPRRGCCAPVQVVGPRADLPPCGACITGRIMRPDDANVAGNVHGGTILKMIEEAGAIISTRHCNSQNGERCVAALARVERTDFLSPMCIGEVAHVSAEITYTSKHSVEVQVNVMSENILTGAKKLTNKATLWYVPLSLKNVDKVLEVPPVVYSRQEQEEEGRKRYEAQKLERMETKWRNGDIVQPVLNPEPNTVSYSQSSLIHLVGPSDCTLHGFVHGGVTMKLMDEVAGIVAARHCKTNIVTASVDAINFHDKIRKGCVITISGRMTFTSNKSMEIEVLVDADPVVDSSQKRYRAASAFFTYVSLSQEGRSLPVPQLVPETEDEKKRFEEGKGRYLQMKAKRQGHAEPQP","MPLLARALRLCEFGRQASSRRLVAGQGCVGPRRGCCAPVQVVGPRADLPPCGACITGRIMRPDDANVAGNVHGGTILKMIEEAGAIISTRHCNSQNGERCVAALARVERTDFLSPMCIGEVAHVSAEITYTSKHSVEVQVNVMSENILTGAKKLTNKATLWYVPLSLKNVDKVLEVPPVVYSRQEQEEEGRKRYEAQKLERMETKWRNGDIVQPVLNPEPNTVSYSQSSLIHLVGPSDCTLHGFVHGGVTMKLMDEVAGIVAARHCKTNIVTASVDAINFHDKIRKGCVITISGRMTFTSNKSMEIEVLVDADPVVDSSQKRYRAASAFFTYVSLSQEGRSLPVPQLVPETEDEKKRFEEGKGRYLQMKAKRQGHAEPQP",1,0
"58","Q13618","MSNLSKGTGSRKDTKMRIRAFPMTMDEKYVNSIWDLLKNAIQEIQRKNNSGLSFEELYRNAYTMVLHKHGEKLYTGLREVVTEHLINKVREDVLNSLNNNFLQTLNQAWNDHQTAMVMIRDILMYMDRVYVQQNNVENVYNLGLIIFRDQVVRYGCIRDHLRQTLLDMIARERKGEVVDRGAIRNACQMLMILGLEGRSVYEEDFEAPFLEMSAEFFQMESQKFLAENSASVYIKKVEARINEEIERVMHCLDKSTEEPIVKVVERELISKHMKTIVEMENSGLVHMLKNGKTEDLGCMYKLFSRVPNGLKTMCECMSSYLREQGKALVSEEGEGKNPVDYIQGLLDLKSRFDRFLLESFNNDRLFKQTIAGDFEYFLNLNSRSPEYLSLFIDDKLKKGVKGLTEQEVETILDKAMVLFRFMQEKDVFERYYKQHLARRLLTNKSVSDDSEKNMISKLKTECGCQFTSKLEGMFRDMSISNTTMDEFRQHLQATGVSLGGVDLTVRVLTTGYWPTQSATPKCNIPPAPRHAFEIFRRFYLAKHSGRQLTLQHHMGSADLNATFYGPVKKEDGSEVGVGGAQVTGSNTRKHILQVSTFQMTILMLFNNREKYTFEEIQQETDIPERELVRALQSLACGKPTQRVLTKEPKSKEIENGHIFTVNDQFTSKLHRVKIQTVAAKQGESDPERKETRQKVDDDRKHEIEAAIVRIMKSRKKMQHNVLVAEVTQQLKARFLPSPVVIKKRIEGLIEREYLARTPEDRKVYTYVA","UPI0000001C83","CUL3","ENSG00000036257","ENST00000264414","protein_coding","ENSP00000264414.4:p.Lys742Ter",742,"768","K","*","Aag","Tag","ENSP00000264414","T",885117,"MSNLSKGTGSRKDTKMRIRAFPMTMDEKYVNSIWDLLKNAIQEIQRKNNSGLSFEELYRNAYTMVLHKHGEKLYTGLREVVTEHLINKVREDVLNSLNNNFLQTLNQAWNDHQTAMVMIRDILMYMDRVYVQQNNVENVYNLGLIIFRDQVVRYGCIRDHLRQTLLDMIARERKGEVVDRGAIRNACQMLMILGLEGRSVYEEDFEAPFLEMSAEFFQMESQKFLAENSASVYIKKVEARINEEIERVMHCLDKSTEEPIVKVVERELISKHMKTIVEMENSGLVHMLKNGKTEDLGCMYKLFSRVPNGLKTMCECMSSYLREQGKALVSEEGEGKNPVDYIQGLLDLKSRFDRFLLESFNNDRLFKQTIAGDFEYFLNLNSRSPEYLSLFIDDKLKKGVKGLTEQEVETILDKAMVLFRFMQEKDVFERYYKQHLARRLLTNKSVSDDSEKNMISKLKTECGCQFTSKLEGMFRDMSISNTTMDEFRQHLQATGVSLGGVDLTVRVLTTGYWPTQSATPKCNIPPAPRHAFEIFRRFYLAKHSGRQLTLQHHMGSADLNATFYGPVKKEDGSEVGVGGAQVTGSNTRKHILQVSTFQMTILMLFNNREKYTFEEIQQETDIPERELVRALQSLACGKPTQRVLTKEPKSKEIENGHIFTVNDQFTSKLHRVKIQTVAAKQGESDPERKETRQKVDDDRKHEIEAAIVRIMKSRKKMQHNVLVAEVTQQLKARFLPSPVVIKKRIEGLIEREYLARTPEDRKVYTYVA","MSNLSKGTGSRKDTKMRIRAFPMTMDEKYVNSIWDLLKNAIQEIQRKNNSGLSFEELYRNAYTMVLHKHGEKLYTGLREVVTEHLINKVREDVLNSLNNNFLQTLNQAWNDHQTAMVMIRDILMYMDRVYVQQNNVENVYNLGLIIFRDQVVRYGCIRDHLRQTLLDMIARERKGEVVDRGAIRNACQMLMILGLEGRSVYEEDFEAPFLEMSAEFFQMESQKFLAENSASVYIKKVEARINEEIERVMHCLDKSTEEPIVKVVERELISKHMKTIVEMENSGLVHMLKNGKTEDLGCMYKLFSRVPNGLKTMCECMSSYLREQGKALVSEEGEGKNPVDYIQGLLDLKSRFDRFLLESFNNDRLFKQTIAGDFEYFLNLNSRSPEYLSLFIDDKLKKGVKGLTEQEVETILDKAMVLFRFMQEKDVFERYYKQHLARRLLTNKSVSDDSEKNMISKLKTECGCQFTSKLEGMFRDMSISNTTMDEFRQHLQATGVSLGGVDLTVRVLTTGYWPTQSATPKCNIPPAPRHAFEIFRRFYLAKHSGRQLTLQHHMGSADLNATFYGPVKKEDGSEVGVGGAQVTGSNTRKHILQVSTFQMTILMLFNNREKYTFEEIQQETDIPERELVRALQSLACGKPTQRVLTKEPKSKEIENGHIFTVNDQFTSKLHRVKIQTVAAKQGESDPERKETRQKVDDDRKHEIEAAIVRIMKSRKKMQHNVLVAEVTQQLKARFLPSPVVIKKRIEGLIEREYLARTPEDRKVYTYVA",0,0
